,AREA,PERIMETER,ANGLE,FERET,FERETX,FERETY,FERETZ,MINFERET,LENGTH,TYPE,,,,,,,,,,,
1,199,198.023,0.868,198.023,552,660,0.868,0,198.023,First,,,,,,,,,,,
2,64,63.285,-84.56,63.285,654,633,95.44,0,63.285,First,,,,,,,,,,,
3,143,142.302,-18.435,142.302,588,630,161.565,0,142.302,First,,,,,,,,,,,
4,143,141.51,21.125,141.51,588,681,21.125,0,141.51,First,,,,,,,,,,,
,,,,,,,,,,First,,,,,,,,,,,
1,125,123.584,-5.572,123.584,486,558,174.428,0,123.584,First,,,,,,,,,,,
2,68,66.611,-97.765,66.611,543,606,82.235,0,66.611,First,,,,,,,,,,,
3,98,96.747,-29.745,96.747,498,540,150.255,0,96.747,First,,,,,,,,,,,
4,117,95.64733332,-168.111,116.499,486,579,11.889,0,116.499,First,,,,,,,,,,,
,,,,,,,,,,First,,,,,,,,,,,
1,165,163.768,-8.427,163.768,594,549,171.573,0,163.768,First,,,,,,,,,,,
2,58,57,-90,57,678,534,90,0,57,First,,,,,,,,,,,
3,128,127.456,-26.565,127.456,621,537,153.435,0,127.456,First,,,,,,,,,,,
4,148,147.031,-178.831,147.031,597,561,1.169,0,147.031,First,,,,,,,,,,,
,,,,,,,,,,First,,,,,,,,,,,
1,113,112.009,-7.696,112.009,564,510,172.304,0,112.009,First,,,,,,,,,,,
2,49,48.374,-97.125,48.374,612,540,82.875,0,48.374,First,,,,,,,,,,,
3,85,83.57,-21.038,83.57,576,498,158.962,0,83.57,First,,,,,,,,,,,
4,89,88.233,-162.181,88.233,570,528,17.819,0,88.233,First,,,,,,,,,,,
,,,,,,,,,,First,,,,,,,,,,,
1,97,96.187,-3.576,96.187,576,516,176.424,0,96.187,First,,,,,,,,,,,
2,40,39.459,-98.746,39.459,615,543,81.254,0,39.459,First,,,,,,,,,,,
3,68,67.417,-32.276,67.417,585,504,147.724,0,67.417,First,,,,,,,,,,,
4,77,75.895,-161.565,75.895,582,528,18.435,3.55E-15,75.895,First,,,,,,,,,,,
,,,,,,,,,,First,,,,,,,,,,,
1,97,96.187,-3.576,96.187,388,420,176.424,0,96.187,First,,,,,,,,,,,
2,37,36.222,-96.34,36.222,430,444,83.66,0,36.222,First,,,,,,,,,,,
3,75,73.539,-22.38,73.539,392,412,157.62,0,73.539,First,,,,,,,,,,,
4,64,62.61,-153.435,62.61,402,442,26.565,0,62.61,First,,,,,,,,,,,
,,,,,,,,,,First,,,,,,,,,,,
1,73,72.25,4.764,72.25,414,636,4.764,0,72.25,First,,,,,,,,,,,
2,29,28.46,-71.565,28.46,447,627,108.435,0,28.46,First,,,,,,,,,,,
3,48,47.434,-145.305,47.434,438,654,34.695,0,47.434,First,,,,,,,,,,,
4,48,46.957,-26.565,46.957,432,627,153.435,0,46.957,First,,,,,,,,,,,
,,,,,,,,,,First,,,,,,,,,,,
1,122,120.599,-5.711,120.599,615,498,174.289,1.78E-15,120.599,First,,,,,,,,,,,
2,37,36,-90,36,678,492,90,0,36,First,,,,,,,,,,,
3,94,93.048,159.228,93.048,624,495,159.228,0,93.048,First,,,,,,,,,,,
4,101,99.725,-164.291,99.725,636,522,15.709,3.55E-15,99.725,First,,,,,,,,,,,
,,,,,,,,,,First,,,,,,,,,,,
1,88,87.361,-15.945,87.361,570,528,164.055,0,87.361,First,,,,,,,,,,,
2,48,46.573,-104.931,46.573,606,564,75.069,1.78E-15,46.573,First,,,,,,,,,,,
3,69,68.411,-37.875,68.411,570,522,142.125,0,68.411,First,,,,,,,,,,,
4,65,63.569,-160.71,63.569,582,555,19.29,0,63.569,First,,,,,,,,,,,
,,,,,,,,,,First,,,,,,,,,,,
1,111,110.064,-17.447,110.064,564,582,162.553,0,110.064,First,,,,,,,,,,,
2,36,34.986,-120.964,34.986,624,618,59.036,0,34.986,First,,,,,,,,,,,
3,90,89.045,-32.619,89.045,582,579,147.381,0,89.045,First,,,,,,,,,,,
4,85,84,180,84,576,597,0,0,84,First,,,,,,,,,,,
,,,,,,,,,,First,,,,,,,,,,,
1,76,75.24,4.574,75.24,507,540,4.574,0,75.24,First,,,,,,,,,,,
2,37,36.125,-85.236,36.125,537,525,94.764,0,36.125,First,,,,,,,,,,,
3,60,59.093,-23.962,59.093,510,528,156.038,0,59.093,First,,,,,,,,,,,
4,63,61.847,-157.166,61.847,510,552,22.834,0,61.847,First,,,,,,,,,,,
,,,,,,,,,,First,,,,,,,,,,,
1,94,92.612,24.905,92.612,528,501,24.905,0,92.612,First,,,,,,,,,,,
2,44,43.267,-33.69,43.267,546,465,146.31,0,43.267,First,,,,,,,,,,,
3,86,85.329,10.125,85.329,528,486,10.125,0,85.329,First,,,,,,,,,,,
4,69,67.882,-135,67.882,537,507,45,0,67.882,First,,,,,,,,,,,
,,,,,,,,,,First,,,,,,,,,,,
1,95,93.963,16.699,93.963,594,573,16.699,0,93.963,First,,,,,,,,,,,
2,44,42.953,-65.225,42.953,633,540,114.775,0,42.953,First,,,,,,,,,,,
3,70,69,0,69,612,558,0,0,69,First,,,,,,,,,,,
4,72,70.803,-143.616,70.803,615,579,36.384,0,70.803,First,,,,,,,,,,,
,,,,,,,,,,First,,,,,,,,,,,
1,95,93.963,-16.699,93.963,552,420,163.301,0,93.963,First,,,,,,,,,,,
2,38,36.62,-145.008,36.62,588,441,34.992,0,36.62,First,,,,,,,,,,,
3,65,63.781,-41.186,63.781,576,411,138.814,3.55E-15,63.781,First,,,,,,,,,,,
4,74,72.993,-170.538,72.993,558,435,9.462,0,72.993,First,,,,,,,,,,,
,,,,,,,,,,First,,,,,,,,,,,
1,94,92.65,32.661,92.65,618,346,32.661,0,92.65,First,,,,,,,,,,,
2,39,38.21,-47.121,38.21,638,308,132.879,0,38.21,First,,,,,,,,,,,
3,92,91.214,15.255,91.214,612,330,15.255,0,91.214,First,,,,,,,,,,,
4,72,71.218,-128.157,71.218,632,348,51.843,0,71.218,First,,,,,,,,,,,
,,,,,,,,,,First,,,,,,,,,,,
1,90,89.286,15.593,89.286,512,332,15.593,0,89.286,First,,,,,,,,,,,
2,31,29.732,-70.346,29.732,542,306,109.654,0,29.732,First,,,,,,,,,,,
3,71,70.114,-3.27,70.114,514,318,176.73,0,70.114,First,,,,,,,,,,,
4,51,49.518,-133.363,49.518,530,338,46.637,0,49.518,First,,,,,,,,,,,
,,,,,,,,,,First,,,,,,,,,,,
1,73,72.062,2.386,72.062,582,408,2.386,0,72.062,First,,,,,,,,,,,
2,34,33,-90,33,618,390,90,0,33,First,,,,,,,,,,,
3,69,68.411,-15.255,68.411,588,399,164.745,0,68.411,First,,,,,,,,,,,
4,54,53.413,-128.157,53.413,603,429,51.843,0,53.413,First,,,,,,,,,,,
,,,,,,,,,,First,,,,,,,,,,,
1,75,74.216,14.036,74.216,558,483,14.036,0,74.216,First,,,,,,,,,,,
2,43,41.677,-59.744,41.677,582,459,120.256,0,41.677,First,,,,,,,,,,,
3,68,66.611,-7.765,66.611,561,471,172.235,0,66.611,First,,,,,,,,,,,
4,53,51.614,-125.538,51.614,579,495,54.462,0,51.614,First,,,,,,,,,,,
,,,,,,,,,,First,,,,,,,,,,,
1,96,94.763,7.275,94.763,526,490,7.275,1.78E-15,94.763,First,,,,,,,,,,,
2,32,31.305,-63.435,31.305,572,470,116.565,0,31.305,First,,,,,,,,,,,
3,85,84.095,-2.726,84.095,536,482,177.274,0,84.095,First,,,,,,,,,,,
4,65,63.53,-151.821,63.53,542,500,28.179,0,63.53,First,,,,,,,,,,,
,,,,,,,,,,First,,,,,,,,,,,
1,89,87.727,24.228,87.727,584,426,24.228,0,87.727,First,,,,,,,,,,,
2,38,36.77,-45,36.77,608,396,135,0,36.77,First,,,,,,,,,,,
3,78,76.655,15.124,76.655,582,416,15.124,3.55E-15,76.655,First,,,,,,,,,,,
4,58,56.851,-140.711,56.851,596,426,39.289,0,56.851,First,,,,,,,,,,,
,,,,,,,,,,First,,,,,,,,,,,
1,85,84.024,1.364,84.024,630,348,1.364,0,84.024,First,,,,,,,,,,,
2,37,35.777,-63.435,35.777,662,336,116.565,0,35.777,First,,,,,,,,,,,
3,77,76.42,-6.009,76.42,632,346,173.991,0,76.42,First,,,,,,,,,,,
4,62,61.221,-141.633,61.221,656,368,38.367,3.55E-15,61.221,First,,,,,,,,,,,
,,,,,,,,,,First,,,,,,,,,,,
1,84,82.873,8.326,82.873,528,510,8.326,0,82.873,First,,,,,,,,,,,
2,31,29.53,-61.699,29.53,556,492,118.301,1.78E-15,29.53,First,,,,,,,,,,,
3,76,74.673,-7.696,74.673,526,504,172.304,0,74.673,First,,,,,,,,,,,
4,68,66.573,-147.265,66.573,542,520,32.735,3.55E-15,66.573,First,,,,,,,,,,,
,,,,,,,,,,First,,,,,,,,,,,
1,84,82.873,8.326,82.873,528,510,8.326,0,82.873,First,,,,,,,,,,,
2,31,29.53,-61.699,29.53,556,492,118.301,1.78E-15,29.53,First,,,,,,,,,,,
3,76,74.673,-7.696,74.673,526,504,172.304,0,74.673,First,,,,,,,,,,,
4,68,66.573,-147.265,66.573,542,520,32.735,3.55E-15,66.573,First,,,,,,,,,,,
,,,,,,,,,,First,,,,,,,,,,,
1,97,95.859,-20.136,95.859,576,675,159.864,0,95.859,First,,,,,,,,,,,
2,33,32.311,-111.801,32.311,618,711,68.199,0,32.311,First,,,,,,,,,,,
3,73,72.25,-41.634,72.25,594,669,138.366,0,72.25,First,,,,,,,,,,,
4,88,87.361,164.055,87.361,585,675,164.055,0,87.361,First,,,,,,,,,,,
,,,,,,,,,,First,,,,,,,,,,,
2,75,74.216,-14.036,74.216,682,432,165.964,0,74.216,First,,,,,,,,,,,
3,32,31.048,-104.931,31.048,714,452,75.069,0,31.048,First,,,,,,,,,,,
4,66,65.299,-27.35,65.299,690,426,152.65,0,65.299,First,,,,,,,,,,,
5,71,69.971,-30.964,69.971,688,422,149.036,0,69.971,First,,,,,,,,,,,
,,,,,,,,,,First,,,,,,,,,,,
1,106,105,-36.87,105,606,588,143.13,0,105,First,,,,,,,,,,,
2,42,40.804,-143.973,40.804,636,639,36.027,0,40.804,First,,,,,,,,,,,
3,76,75,-53.13,75,630,591,126.87,7.11E-15,75,First,,,,,,,,,,,
4,78,77.13,166.504,77.13,618,603,166.504,0,77.13,First,,,,,,,,,,,
,,,,,,,,,,First,,,,,,,,,,,
1,93,91.782,-11.31,91.782,699,570,168.69,0,91.782,First,,,,,,,,,,,
2,39,38.419,-128.66,38.419,735,600,51.34,0,38.419,First,,,,,,,,,,,
3,61,60,-36.87,60,720,561,143.13,3.55E-15,60,First,,,,,,,,,,,
4,80,78.918,-171.254,78.918,702,585,8.746,0,78.918,First,,,,,,,,,,,
,,,,,,,,,,First,,,,,,,,,,,
1,85,83.57,-21.038,83.57,678,408,158.962,0,83.57,First,,,,,,,,,,,
2,33,32.311,-111.801,32.311,714,441,68.199,0,32.311,First,,,,,,,,,,,
3,80,79.202,-37.304,79.202,681,399,142.696,0,79.202,First,,,,,,,,,,,
4,82,81.498,-173.66,81.498,681,429,6.34,0,81.498,First,,,,,,,,,,,
,,,,,,,,,,First,,,,,,,,,,,
1,109,108.167,-19.44,108.167,666,501,160.56,0,108.167,First,,,,,,,,,,,
2,44,42.953,-114.775,42.953,708,540,65.225,0,42.953,First,,,,,,,,,,,
3,83,82.377,-33.111,82.377,675,495,146.889,0,82.377,First,,,,,,,,,,,
4,92,90.796,-172.405,90.796,678,522,7.595,0,90.796,First,,,,,,,,,,,
,,,,,,,,,,First,,,,,,,,,,,
1,42,41,-12.68,41,260,187,167.32,0,41,First,,,,,,,,,,,
2,16,14.56,-105.945,14.56,276,199,74.055,0,14.56,First,,,,,,,,,,,
3,30,28.844,-33.69,28.844,270,183,146.31,0,28.844,First,,,,,,,,,,,
4,209572,1834,0,649.419,0,0,138.183,433,0,First,,,,,,,,,,,
,,,,,,,,,,First,,,,,,,,,,,
1,113,112.45,-9.211,112.45,618,471,170.789,0,112.45,First,,,,,,,,,,,
2,29,28.46,-108.435,28.46,669,495,71.565,0,28.46,First,,,,,,,,,,,
3,63,61.774,-29.055,61.774,642,465,150.945,0,61.774,First,,,,,,,,,,,
4,85,84.214,-175.914,84.214,630,483,4.086,8.88E-16,84.214,First,,,,,,,,,,,
,,,,,,,,,,First,,,,,,,,,,,
1,100,99,0,99,591,444,0,0,99,First,,,,,,,,,,,
2,37,36.125,-94.764,36.125,636,465,85.236,0,36.125,First,,,,,,,,,,,
3,80,79.202,-24.624,79.202,600,429,155.376,0,79.202,First,,,,,,,,,,,
4,85,83.57,-158.962,83.57,600,459,21.038,0,83.57,First,,,,,,,,,,,
,,,,,,,,,,First,,,,,,,,,,,
1,94,93,0,93,621,591,0,0,93,First,,,,,,,,,,,
2,37,36.497,-80.538,36.497,660,573,99.462,0,36.497,First,,,,,,,,,,,
3,63,61.774,-150.945,61.774,636,609,29.055,0,61.774,First,,,,,,,,,,,
4,71,69.778,-25.463,69.778,636,576,154.537,0,69.778,First,,,,,,,,,,,
,,,,,,,,,,First,,,,,,,,,,,
1,85,84.054,-2.045,84.054,627,591,177.955,0,84.054,First,,,,,,,,,,,
2,31,30.15,-84.289,30.15,669,579,95.711,0,30.15,First,,,,,,,,,,,
3,66,64.622,-21.801,64.622,639,579,158.199,0,64.622,First,,,,,,,,,,,
4,63,61.774,-150.945,61.774,636,609,29.055,0,61.774,First,,,,,,,,,,,
,,,,,,,,,,First,,,,,,,,,,,
1,82,81,0,81,615,453,0,0,81,First,,,,,,,,,,,
2,37,36.125,-85.236,36.125,648,429,94.764,0,36.125,First,,,,,,,,,,,
3,76,75.18,-28.61,75.18,618,429,151.39,0,75.18,First,,,,,,,,,,,
4,59,58.249,-145.491,58.249,618,462,34.509,0,58.249,First,,,,,,,,,,,
,,,,,,,,,,First,,,,,,,,,,,
1,103,102.176,-3.366,102.176,597,579,176.634,0,102.176,First,,,,,,,,,,,
2,31,30.15,-95.711,30.15,648,603,84.289,4.44E-16,30.15,First,,,,,,,,,,,
3,82,80.777,-31.329,80.777,603,567,148.671,0,80.777,First,,,,,,,,,,,
4,96,95.341,-167.276,95.341,606,591,12.724,0,95.341,First,,,,,,,,,,,
,,,,,,,,,,First,,,,,,,,,,,
1,97,96.047,-14.47,96.047,567,453,165.53,0,96.047,First,,,,,,,,,,,
2,39,37.947,-108.435,37.947,618,489,71.565,0,37.947,First,,,,,,,,,,,
3,72,70.803,-36.384,70.803,585,447,143.616,0,70.803,First,,,,,,,,,,,
4,97,96,180,96,570,465,0,0,96,First,,,,,,,,,,,
,,,,,,,,,,First,,,,,,,,,,,
1,101,99.725,-15.709,99.725,582,525,164.291,0,99.725,First,,,,,,,,,,,
2,36,35.114,-109.983,35.114,633,561,70.017,0,35.114,First,,,,,,,,,,,
3,78,76.662,-30.579,76.662,597,525,149.421,7.11E-15,76.662,First,,,,,,,,,,,
4,81,80.05,-167.005,80.05,600,555,12.995,0,80.05,First,,,,,,,,,,,
,,,,,,,,,,First,,,,,,,,,,,
1,90,88.843,11.689,88.843,618,537,11.689,0,88.843,First,,,,,,,,,,,
2,48,46.861,-50.194,46.861,642,513,129.806,0,46.861,First,,,,,,,,,,,
3,77,75.538,-6.843,75.538,615,531,173.157,0,75.538,First,,,,,,,,,,,
4,66,64.9,-146.31,64.9,630,549,33.69,0,64.9,First,,,,,,,,,,,
,,,,,,,,,,First,,,,,,,,,,,
1,99,98.27,12.339,98.27,642,471,12.339,0,98.27,First,,,,,,,,,,,
2,40,39,-67.38,39,681,441,112.62,0,39,First,,,,,,,,,,,
3,91,90.2,-3.814,90.2,636,465,176.186,0,90.2,First,,,,,,,,,,,
4,68,66.611,-144.162,66.611,660,480,35.838,0,66.611,First,,,,,,,,,,,
,,,,,,,,,,First,,,,,,,,,,,
1,92,90.796,7.595,90.796,600,456,7.595,0,90.796,First,,,,,,,,,,,
2,47,45.793,-58.392,45.793,636,432,121.608,3.55E-15,45.793,First,,,,,,,,,,,
3,84,82.976,-12.529,82.976,597,447,167.471,0,82.976,First,,,,,,,,,,,
4,63,61.847,-140.906,61.847,618,471,39.094,0,61.847,First,,,,,,,,,,,
,,,,,,,,,,First,,,,,,,,,,,
1,97,96.047,1.79,96.047,600,444,1.79,0,96.047,First,,,,,,,,,,,
2,45,43.681,-74.055,43.681,648,423,105.945,1.78E-15,43.681,First,,,,,,,,,,,
3,89,87.824,-7.853,87.824,600,444,172.147,1.78E-15,87.824,First,,,,,,,,,,,
4,67,65.795,-133.152,65.795,627,465,46.848,0,65.795,First,,,,,,,,,,,
,,,,,,,,,,First,,,,,,,,,,,
1,109,108,0,108,438,723,0,0,108,First,,,,,,,,,,,
2,34,33,-90,33,489,708,90,0,33,First,,,,,,,,,,,
3,79,77.885,-15.642,77.885,459,711,164.358,3.55E-15,77.885,First,,,,,,,,,,,
4,99,97.673,-169.38,97.673,435,729,10.62,0,97.673,First,,,,,,,,,,,
,,,,,,,,,,First,,,,,,,,,,,
1,109,108,0,108,597,525,0,0,108,First,,,,,,,,,,,
2,40,39,-90,39,654,507,90,0,39,First,,,,,,,,,,,
3,77,76.485,-25.56,76.485,612,507,154.44,0,76.485,First,,,,,,,,,,,
4,104,102.616,-164.745,102.616,606,537,15.255,3.55E-15,102.616,First,,,,,,,,,,,
,,,,,,,,,,First,,,,,,,,,,,
1,119,117.881,-14.744,117.881,504,576,165.256,0,117.881,First,,,,,,,,,,,
2,39,37.947,-108.435,37.947,558,609,71.565,0,37.947,First,,,,,,,,,,,
3,92,90.697,-34.216,90.697,513,564,145.784,0,90.697,First,,,,,,,,,,,
4,106,105.385,-175.101,105.385,510,597,4.899,0,105.385,First,,,,,,,,,,,
,,,,,,,,,,First,,,,,,,,,,,
1,115,114.039,-1.507,114.039,588,537,178.493,0,114.039,First,,,,,,,,,,,
2,41,40.025,-102.995,40.025,648,555,77.005,0,40.025,First,,,,,,,,,,,
3,81,80.498,-26.565,80.498,612,519,153.435,0,80.498,First,,,,,,,,,,,
4,109,108.374,-175.236,108.374,582,537,4.764,1.78E-15,108.374,First,,,,,,,,,,,
,,,,,,,,,,First,,,,,,,,,,,
1,133,132.442,13.092,132.442,585,486,13.092,0,132.442,First,,,,,,,,,,,
2,39,37.59,-61.39,37.59,642,456,118.61,1.78E-15,37.59,First,,,,,,,,,,,
3,112,111,0,111,600,477,0,0,111,First,,,,,,,,,,,
4,93,91.586,-148.392,91.586,612,495,31.608,7.11E-15,91.586,First,,,,,,,,,,,
,,,,,,,,,,First,,,,,,,,,,,
1,85,84.214,4.086,84.214,600,678,4.086,8.88E-16,84.214,First,,,,,,,,,,,
2,33,32.311,-68.199,32.311,636,663,111.801,0,32.311,First,,,,,,,,,,,
3,77,75.538,-6.843,75.538,609,672,173.157,0,75.538,First,,,,,,,,,,,
4,60,59.169,-149.534,59.169,618,693,30.466,0,59.169,First,,,,,,,,,,,
,,,,,,,,,,First,,,,,,,,,,,
1,91,90,0,90,576,717,0,0,90,First,,,,,,,,,,,
2,35,33.541,-100.305,33.541,618,738,79.695,0,33.541,First,,,,,,,,,,,
3,71,69.971,-30.964,69.971,582,705,149.036,0,69.971,First,,,,,,,,,,,
4,83,81.609,-162.897,81.609,582,729,17.103,0,81.609,First,,,,,,,,,,,
,,,,,,,,,,First,,,,,,,,,,,
1,115,114.158,-3.013,114.158,552,705,176.987,0,114.158,First,,,,,,,,,,,
2,46,45.398,-97.595,45.398,606,732,82.405,0,45.398,First,,,,,,,,,,,
3,80,79.202,-24.624,79.202,570,687,155.376,0,79.202,First,,,,,,,,,,,
4,94,93.048,-159.228,93.048,555,720,20.772,3.55E-15,93.048,First,,,,,,,,,,,
,,,,,,,,,,First,,,,,,,,,,,
,,,,,,,,,,,,,,,,,,,,,
,,,,,,,,,,,,,,,,,,,,,
,,,,,,,,,,,,,,,,,,,,,
,,,,,,,,,,,,,,,,,,,,,
,,,,,,,,,,,,,,,,,,,,,
1,116,114.63,6.009,114.63,498,627,6.009,0,114.63,Second,,,,,,,,,,,
2,32,31.321,-73.301,31.321,543,603,106.699,0,31.321,Second,,,,,,,,,,,
3,98,96.747,-7.125,96.747,507,609,172.875,0,96.747,Second,,,,,,,,,,,
4,93,92.027,-160.974,92.027,507,633,19.026,0,92.027,Second,,,,,,,,,,,
,,,,,,,,,,Second,,,,,,,,,,,
1,101,100.13,8.616,100.13,570,309,8.616,0,100.13,Second,,,,,,,,,,,
2,32,31.321,-73.301,31.321,612,285,106.699,0,31.321,Second,,,,,,,,,,,
3,82,81.498,-6.34,81.498,579,297,173.66,0,81.498,Second,,,,,,,,,,,
4,73,72.498,-155.556,72.498,579,315,24.444,0,72.498,Second,,,,,,,,,,,
,,,,,,,,,,Second,,,,,,,,,,,
1,100,99,0,99,417,459,0,0,99,Second,,,,,,,,,,,
2,25,24,-90,24,471,447,90,0,24,Second,,,,,,,,,,,
3,82,80.777,-15.068,80.777,429,450,164.932,0,80.777,Second,,,,,,,,,,,
4,77,75.954,-170.91,75.954,429,468,9.09,1.78E-15,75.954,Second,,,,,,,,,,,
,,,,,,,,,,Second,,,,,,,,,,,
1,105,103.576,-10.008,103.576,531,528,169.992,0,103.576,Second,,,,,,,,,,,
2,28,27,-90,27,579,528,90,0,27,Second,,,,,,,,,,,
3,75,74.095,-21.371,74.095,540,525,158.629,0,74.095,Second,,,,,,,,,,,
4,97,96,180,96,531,534,0,0,96,Second,,,,,,,,,,,
,,,,,,,,,,Second,,,,,,,,,,,
1,112,111.162,3.094,111.162,441,567,3.094,0,111.162,Second,,,,,,,,,,,
2,31,30.15,-84.289,30.15,489,546,95.711,0,30.15,Second,,,,,,,,,,,
3,98,96.747,-7.125,96.747,450,555,172.875,0,96.747,Second,,,,,,,,,,,
4,86,84.694,-157.068,84.694,450,576,22.932,0,84.694,Second,,,,,,,,,,,
,,,,,,,,,,Second,,,,,,,,,,,
1,83,82.377,-10.491,82.377,357,501,169.509,0,82.377,Second,,,,,,,,,,,
2,24,23.431,-129.806,23.431,396,513,50.194,1.78E-15,23.431,Second,,,,,,,,,,,
3,81,80.498,-26.565,80.498,366,489,153.435,0,80.498,Second,,,,,,,,,,,
4,82,81.056,-177.879,81.056,351,504,2.121,0,81.056,Second,,,,,,,,,,,
,,,,,,,,,,Second,,,,,,,,,,,
1,117,115.918,-10.437,115.918,432,549,169.563,0,115.918,Second,,,,,,,,,,,
2,34,33.136,-95.194,33.136,498,582,84.806,0,33.136,Second,,,,,,,,,,,
3,103,101.514,-18.97,101.514,447,546,161.03,0,101.514,Second,,,,,,,,,,,
4,103,102.396,-174.958,102.396,438,567,5.042,0,102.396,Second,,,,,,,,,,,
,,,,,,,,,,Second,,,,,,,,,,,
1,88,87.361,15.945,87.361,453,519,15.945,3.55E-15,87.361,Second,,,,,,,,,,,
2,31,29.547,-66.038,29.547,492,492,113.962,0,29.547,Second,,,,,,,,,,,
3,72,70.612,-12.265,70.612,468,498,167.735,0,70.612,Second,,,,,,,,,,,
4,87,85.907,-155.225,85.907,450,525,24.775,0,85.907,Second,,,,,,,,,,,
,,,,,,,,,,Second,,,,,,,,,,,
1,107,105.683,6.52,105.683,480,597,6.52,1.78E-15,105.683,Second,,,,,,,,,,,
2,35,34.205,-74.745,34.205,531,570,105.255,0,34.205,Second,,,,,,,,,,,
3,86,84.853,-8.13,84.853,498,579,171.87,1.78E-15,84.853,Second,,,,,,,,,,,
4,99,98.087,-156.571,98.087,486,603,23.429,0,98.087,Second,,,,,,,,,,,
,,,,,,,,,,Second,,,,,,,,,,,
1,88,87.464,-5.906,87.464,378,498,174.094,0,87.464,Second,,,,,,,,,,,
2,27,25.807,-125.538,25.807,417,513,54.462,0,25.807,Second,,,,,,,,,,,
3,64,62.642,-16.699,62.642,393,492,163.301,0,62.642,Second,,,,,,,,,,,
4,73,72.062,-177.614,72.062,393,504,2.386,0,72.062,Second,,,,,,,,,,,
,,,,,,,,,,Second,,,,,,,,,,,
1,88,87.464,-5.906,87.464,378,498,174.094,0,87.464,Second,,,,,,,,,,,
2,27,25.807,-125.538,25.807,417,513,54.462,0,25.807,Second,,,,,,,,,,,
3,64,62.642,-16.699,62.642,393,492,163.301,0,62.642,Second,,,,,,,,,,,
4,73,72.062,-177.614,72.062,393,504,2.386,0,72.062,Second,,,,,,,,,,,
,,,,,,,,,,Second,,,,,,,,,,,
1,88,87.464,-5.906,87.464,378,498,174.094,0,87.464,Second,,,,,,,,,,,
2,27,25.807,-125.538,25.807,417,513,54.462,0,25.807,Second,,,,,,,,,,,
3,64,62.642,-16.699,62.642,393,492,163.301,0,62.642,Second,,,,,,,,,,,
4,73,72.062,-177.614,72.062,393,504,2.386,0,72.062,Second,,,,,,,,,,,
,,,,,,,,,,Second,,,,,,,,,,,
1,65,64.413,-27.759,64.413,339,540,152.241,0,64.413,Second,,,,,,,,,,,
2,23,21.633,-123.69,21.633,366,567,56.31,0,21.633,Second,,,,,,,,,,,
3,61,59.548,-40.914,59.548,345,537,139.086,0,59.548,Second,,,,,,,,,,,
4,58,57.315,173.991,57.315,345,555,173.991,0,57.315,Second,,,,,,,,,,,
,,,,,,,,,,Second,,,,,,,,,,,
1,91,90.05,-1.909,90.05,360,468,178.091,0,90.05,Second,,,,,,,,,,,
2,19,18,-90,18,408,462,90,0,18,Second,,,,,,,,,,,
3,75,74.216,-14.036,74.216,366,462,165.964,0,74.216,Second,,,,,,,,,,,
4,65,64.133,-169.216,64.133,378,477,10.784,0,64.133,Second,,,,,,,,,,,
,,,,,,,,,,Second,,,,,,,,,,,
1,95,93.915,26.565,93.915,402,417,26.565,0,93.915,Second,,,,,,,,,,,
2,20,19.209,-51.34,19.209,432,393,128.66,1.78E-15,19.209,Second,,,,,,,,,,,
3,100,98.681,19.537,98.681,393,414,19.537,0,98.681,Second,,,,,,,,,,,
4,76,74.518,-139.899,74.518,411,423,40.101,7.11E-15,74.518,Second,,,,,,,,,,,
,,,,,,,,,,Second,,,,,,,,,,,
1,95,93.915,26.565,93.915,402,417,26.565,0,93.915,Second,,,,,,,,,,,
2,20,19.209,-51.34,19.209,432,393,128.66,1.78E-15,19.209,Second,,,,,,,,,,,
3,100,98.681,19.537,98.681,393,414,19.537,0,98.681,Second,,,,,,,,,,,
4,76,74.518,-139.899,74.518,411,423,40.101,7.11E-15,74.518,Second,,,,,,,,,,,
,,,,,,,,,,Second,,,,,,,,,,,
1,91,90.2,-3.814,90.2,492,444,176.186,0,90.2,Second,,,,,,,,,,,
2,25,24,-90,24,540,432,90,0,24,Second,,,,,,,,,,,
3,86,84.853,-171.87,84.853,489,447,8.13,0,84.853,Second,,,,,,,,,,,
4,78,77.13,-13.496,77.13,504,435,166.504,0,77.13,Second,,,,,,,,,,,
,,,,,,,,,,Second,,,,,,,,,,,
1,112,111.041,-1.548,111.041,387,435,178.452,0,111.041,Second,,,,,,,,,,,
2,25,24.187,-82.875,24.187,441,429,97.125,0,24.187,Second,,,,,,,,,,,
3,81,80.05,-12.995,80.05,402,429,167.005,0,80.05,Second,,,,,,,,,,,
4,80,79.429,-169.114,79.429,402,441,10.886,1.78E-15,79.429,Second,,,,,,,,,,,
,,,,,,,,,,Second,,,,,,,,,,,
1,76,75.24,-23.499,75.24,360,459,156.501,0,75.24,Second,,,,,,,,,,,
2,25,24,-90,24,396,462,90,0,24,Second,,,,,,,,,,,
3,62,60.745,-32.905,60.745,360,459,147.095,3.55E-15,60.745,Second,,,,,,,,,,,
4,74,72.56,172.875,72.56,357,468,172.875,0,72.56,Second,,,,,,,,,,,
,,,,,,,,,,Second,,,,,,,,,,,
1,106,105.385,-4.899,105.385,336,420,175.101,0,105.385,Second,,,,,,,,,,,
2,22,21,-90,21,384,417,90,0,21,Second,,,,,,,,,,,
3,82,80.777,-15.068,80.777,348,417,164.932,0,80.777,Second,,,,,,,,,,,
4,89,87.824,-172.147,87.824,351,432,7.853,0,87.824,Second,,,,,,,,,,,
,,,,,,,,,,Second,,,,,,,,,,,
1,94,93.145,-14.931,93.145,414,441,165.069,3.55E-15,93.145,Second,,,,,,,,,,,
2,26,24.739,-104.036,24.739,456,471,75.964,0,24.739,Second,,,,,,,,,,,
3,68,67.082,-26.565,67.082,438,441,153.435,0,67.082,Second,,,,,,,,,,,
4,60,58.941,-165.256,58.941,435,462,14.744,3.55E-15,58.941,Second,,,,,,,,,,,
,,,,,,,,,,Second,,,,,,,,,,,
1,91,90.25,-21.448,90.25,372,492,158.552,0,90.25,Second,,,,,,,,,,,
2,25,24,-90,24,420,501,90,0,24,Second,,,,,,,,,,,
3,79,78.23,-32.471,78.23,378,489,147.529,0,78.23,Second,,,,,,,,,,,
4,82,81,180,81,372,510,0,0,81,Second,,,,,,,,,,,
,,,,,,,,,,Second,,,,,,,,,,,
1,82,81.222,-4.236,81.222,333,558,175.764,0,81.222,Second,,,,,,,,,,,
2,19,18,-90,18,378,555,90,0,18,Second,,,,,,,,,,,
3,77,75.895,-18.435,75.895,342,549,161.565,0,75.895,Second,,,,,,,,,,,
4,66,64.761,-166.608,64.761,342,570,13.392,0,64.761,Second,,,,,,,,,,,
,,,,,,,,,,Second,,,,,,,,,,,
1,94,93.048,-20.772,93.048,414,255,159.228,0,93.048,Second,,,,,,,,,,,
2,27,25.632,-110.556,25.632,456,285,69.444,0,25.632,Second,,,,,,,,,,,
3,76,75.18,-28.61,75.18,420,252,151.39,0,75.18,Second,,,,,,,,,,,
4,85,84.054,-177.955,84.054,417,273,2.045,4.44E-16,84.054,Second,,,,,,,,,,,
,,,,,,,,,,Second,,,,,,,,,,,
1,82,81,0,81,435,378,0,0,81,Second,,,,,,,,,,,
2,28,27.166,-83.66,27.166,477,363,96.34,4.44E-16,27.166,Second,,,,,,,,,,,
3,74,73.055,-19.179,73.055,444,366,160.821,3.55E-15,73.055,Second,,,,,,,,,,,
4,69,68.411,-164.745,68.411,444,387,15.255,0,68.411,Second,,,,,,,,,,,
,,,,,,,,,,Second,,,,,,,,,,,
1,85,84.214,-4.086,84.214,426,333,175.914,0,84.214,Second,,,,,,,,,,,
2,26,24.739,-104.036,24.739,462,345,75.964,0,24.739,Second,,,,,,,,,,,
3,71,70.228,-19.983,70.228,432,321,160.017,0,70.228,Second,,,,,,,,,,,
4,74,72.993,-170.538,72.993,426,339,9.462,0,72.993,Second,,,,,,,,,,,
,,,,,,,,,,Second,,,,,,,,,,,
1,89,88.233,-17.819,88.233,408,378,162.181,3.55E-15,88.233,Second,,,,,,,,,,,
2,22,21,-90,21,447,384,90,0,21,Second,,,,,,,,,,,
3,59,57.628,-38.66,57.628,423,375,141.34,3.55E-15,57.628,Second,,,,,,,,,,,
4,67,66.272,-174.806,66.272,420,396,5.194,0,66.272,Second,,,,,,,,,,,
,,,,,,,,,,Second,,,,,,,,,,,
1,71,69.584,-7.431,69.584,291,411,172.569,0,69.584,Second,,,,,,,,,,,
2,29,27.659,-102.529,27.659,324,429,77.471,0,27.659,Second,,,,,,,,,,,
3,57,56.365,-25.201,56.365,300,399,154.799,3.55E-15,56.365,Second,,,,,,,,,,,
4,59,58.249,-168.111,58.249,294,417,11.889,0,58.249,Second,,,,,,,,,,,
,,,,,,,,,,Second,,,,,,,,,,,
1,80,78.746,17.745,78.746,291,438,17.745,3.55E-15,78.746,Second,,,,,,,,,,,
2,23,21.633,-56.31,21.633,324,417,123.69,1.78E-15,21.633,Second,,,,,,,,,,,
3,64,63,0,63,303,423,0,0,63,Second,,,,,,,,,,,
4,68,67.082,-153.435,67.082,300,441,26.565,0,67.082,Second,,,,,,,,,,,
,,,,,,,,,,Second,,,,,,,,,,,
1,82,81,0,81,234,471,0,0,81,Second,,,,,,,,,,,
2,16,15.297,-78.69,15.297,270,465,101.31,0,15.297,Second,,,,,,,,,,,
3,51,50.289,-17.354,50.289,252,462,162.646,1.78E-15,50.289,Second,,,,,,,,,,,
4,55,54.083,-160.56,54.083,246,480,19.44,0,54.083,Second,,,,,,,,,,,
,,,,,,,,,,Second,,,,,,,,,,,
1,77,76.485,-25.56,76.485,303,426,154.44,0,76.485,Second,,,,,,,,,,,
2,25,24.187,-97.125,24.187,342,459,82.875,0,24.187,Second,,,,,,,,,,,
3,67,65.863,-30.069,65.863,306,426,149.931,3.55E-15,65.863,Second,,,,,,,,,,,
4,61,60.299,-174.289,60.299,312,447,5.711,0,60.299,Second,,,,,,,,,,,
,,,,,,,,,,Second,,,,,,,,,,,
1,105,103.576,-10.008,103.576,360,441,169.992,0,103.576,Second,,,,,,,,,,,
2,22,21.213,-98.13,21.213,417,465,81.87,4.44E-16,21.213,Second,,,,,,,,,,,
3,67,65.863,-30.069,65.863,384,435,149.931,3.55E-15,65.863,Second,,,,,,,,,,,
4,94,93.193,176.309,93.193,369,447,176.309,0,93.193,Second,,,,,,,,,,,
,,,,,,,,,,Second,,,,,,,,,,,
1,113,111.647,6.17,111.647,414,609,6.17,0,111.647,Second,,,,,,,,,,,
2,25,24.187,-82.875,24.187,474,585,97.125,0,24.187,Second,,,,,,,,,,,
3,86,84.853,-8.13,84.853,435,597,171.87,1.78E-15,84.853,Second,,,,,,,,,,,
4,83,81.939,-156.251,81.939,432,618,23.749,0,81.939,Second,,,,,,,,,,,
,,,,,,,,,,Second,,,,,,,,,,,
1,101,99.725,-15.709,99.725,444,528,164.291,0,99.725,Second,,,,,,,,,,,
2,31,30,-126.87,30,492,555,53.13,1.78E-15,30,Second,,,,,,,,,,,
3,92,91.241,-27.408,91.241,456,519,152.592,0,91.241,Second,,,,,,,,,,,
4,100,99.182,176.532,99.182,447,537,176.532,0,99.182,Second,,,,,,,,,,,
,,,,,,,,,,Second,,,,,,,,,,,
1,79,78,0,78,480,507,0,0,78,Second,,,,,,,,,,,
2,29,27.659,-77.471,27.659,519,492,102.529,0,27.659,Second,,,,,,,,,,,
3,74,72.993,-9.462,72.993,486,501,170.538,0,72.993,Second,,,,,,,,,,,
4,60,58.941,-165.256,58.941,495,513,14.744,3.55E-15,58.941,Second,,,,,,,,,,,
,,,,,,,,,,Second,,,,,,,,,,,
1,82,81,0,81,393,522,0,0,81,Second,,,,,,,,,,,
2,28,27.166,-83.66,27.166,435,507,96.34,4.44E-16,27.166,Second,,,,,,,,,,,
3,75,73.546,-11.768,73.546,402,513,168.232,1.78E-15,73.546,Second,,,,,,,,,,,
4,67,66.408,-161.565,66.408,396,531,18.435,3.55E-15,66.408,Second,,,,,,,,,,,
,,,,,,,,,,Second,,,,,,,,,,,
1,98,97.165,-8.881,97.165,456,546,171.119,1.78E-15,97.165,Second,,,,,,,,,,,
2,37,36,-90,36,510,537,90,0,36,Second,,,,,,,,,,,
3,68,67.082,-26.565,67.082,474,543,153.435,0,67.082,Second,,,,,,,,,,,
4,85,84.054,-177.955,84.054,465,558,2.045,4.44E-16,84.054,Second,,,,,,,,,,,
,,,,,,,,,,Second,,,,,,,,,,,
1,88,87,0,87,474,507,0,0,87,Second,,,,,,,,,,,
2,25,24.187,-82.875,24.187,516,495,97.125,0,24.187,Second,,,,,,,,,,,
3,45,44.294,-28.301,44.294,504,495,151.699,0,44.294,Second,,,,,,,,,,,
4,57,56.045,-164.476,56.045,492,513,15.524,1.78E-15,56.045,Second,,,,,,,,,,,
,,,,,,,,,,Second,,,,,,,,,,,
1,85,84.481,6.116,84.481,432,507,6.116,0,84.481,Second,,,,,,,,,,,
2,19,18.248,-80.538,18.248,468,495,99.462,0,18.248,Second,,,,,,,,,,,
3,52,51,-28.072,51,453,495,151.928,0,51,Second,,,,,,,,,,,
4,48,46.957,-153.435,46.957,456,516,26.565,0,46.957,Second,,,,,,,,,,,
,,,,,,,,,,Second,,,,,,,,,,,
1,101,99.725,6.911,99.725,387,537,6.911,0,99.725,Second,,,,,,,,,,,
2,25,24.187,-82.875,24.187,435,519,97.125,0,24.187,Second,,,,,,,,,,,
3,62,61.188,-11.31,61.188,405,525,168.69,1.78E-15,61.188,Second,,,,,,,,,,,
4,66,64.622,-158.199,64.622,408,543,21.801,0,64.622,Second,,,,,,,,,,,
,,,,,,,,,,Second,,,,,,,,,,,
1,75,73.79,-26.565,73.79,366,552,153.435,0,73.79,Second,,,,,,,,,,,
2,28,26.833,-116.565,26.833,402,579,63.435,0,26.833,Second,,,,,,,,,,,
3,74,72.622,-38.29,72.622,378,546,141.71,0,72.622,Second,,,,,,,,,,,
4,67,66.272,174.806,66.272,366,558,174.806,0,66.272,Second,,,,,,,,,,,
,,,,,,,,,,Second,,,,,,,,,,,
1,94,93.434,5.528,93.434,396,585,5.528,0,93.434,Second,,,,,,,,,,,
2,31,30,-90,30,444,561,90,0,30,Second,,,,,,,,,,,
3,67,65.521,-15.945,65.521,414,567,164.055,0,65.521,Second,,,,,,,,,,,
4,90,89.499,-166.43,89.499,396,588,13.57,0,89.499,Second,,,,,,,,,,,
,,,,,,,,,,Second,,,,,,,,,,,
1,73,72,0,72,405,390,0,0,72,Second,,,,,,,,,,,
2,31,30,-90,30,441,372,90,0,30,Second,,,,,,,,,,,
3,65,63.569,-19.29,63.569,414,375,160.71,0,63.569,Second,,,,,,,,,,,
4,75,74.216,-165.964,74.216,402,396,14.036,0,74.216,Second,,,,,,,,,,,
,,,,,,,,,,Second,,,,,,,,,,,
1,109,108.167,-3.18,108.167,498,402,176.82,0,108.167,Second,,,,,,,,,,,
2,25,24.187,-97.125,24.187,555,411,82.875,0,24.187,Second,,,,,,,,,,,
3,86,84.694,-22.932,84.694,519,387,157.068,3.55E-15,84.694,Second,,,,,,,,,,,
4,94,93.434,-174.472,93.434,504,408,5.528,0,93.434,Second,,,,,,,,,,,
,,,,,,,,,,Second,,,,,,,,,,,
1,94,93.048,-1.848,93.048,396,453,178.152,0,93.048,Second,,,,,,,,,,,
2,31,30,-90,30,450,441,90,0,30,Second,,,,,,,,,,,
3,68,67.417,-20.854,67.417,411,441,159.146,0,67.417,Second,,,,,,,,,,,
4,94,93,180,93,390,453,0,0,93,Second,,,,,,,,,,,
,,,,,,,,,,Second,,,,,,,,,,,
1,85,84.214,-4.086,84.214,360,363,175.914,0,84.214,Second,,,,,,,,,,,
2,22,21,-90,21,405,354,90,0,21,Second,,,,,,,,,,,
3,72,71.309,-22.249,71.309,378,354,157.751,0,71.309,Second,,,,,,,,,,,
4,85,84.214,-175.914,84.214,360,366,4.086,8.88E-16,84.214,Second,,,,,,,,,,,
,,,,,,,,,,Second,,,,,,,,,,,
1,85,84.214,-4.086,84.214,360,363,175.914,0,84.214,Second,,,,,,,,,,,
2,22,21,-90,21,405,354,90,0,21,Second,,,,,,,,,,,
3,72,71.309,-22.249,71.309,378,354,157.751,0,71.309,Second,,,,,,,,,,,
4,85,84.214,-175.914,84.214,360,366,4.086,8.88E-16,84.214,Second,,,,,,,,,,,
,,,,,,,,,,Second,,,,,,,,,,,
1,100,99.182,-3.468,99.182,345,561,176.532,0,99.182,Second,,,,,,,,,,,
2,22,21,-90,21,402,555,90,0,21,Second,,,,,,,,,,,
3,73,72.498,-24.444,72.498,366,549,155.556,3.55E-15,72.498,Second,,,,,,,,,,,
4,82,81.498,-173.66,81.498,357,567,6.34,0,81.498,Second,,,,,,,,,,,
,,,,,,,,,,Second,,,,,,,,,,,
1,107,105.513,-14.826,105.513,414,396,165.174,3.55E-15,105.513,Second,,,,,,,,,,,
2,31,30,-90,30,480,393,90,0,30,Second,,,,,,,,,,,
3,96,95.341,-24.146,95.341,423,387,155.854,0,95.341,Second,,,,,,,,,,,
4,110,108.665,173.66,108.665,408,402,173.66,0,108.665,Second,,,,,,,,,,,
,,,,,,,,,,,,,,,,,,,,,
,,,,,,,,,,,,,,,,,,,,,
,,,,,,,,,,,,,,,,,,,,,
,,,,,,,,,,,,,,,,,,,,,
1,128,126.606,13.707,126.606,585,405,13.707,0,126.606,Third,,,,,,,,,,,
2,32,31.321,-73.301,31.321,636,369,106.699,0,31.321,Third,,,,,,,,,,,
,,,,,,,,,,Third,,,,,,,,,,,
1,110,109.49,9.462,109.49,369,564,9.462,0,109.49,Third,,,,,,,,,,,
2,22,21.213,-81.87,21.213,420,549,98.13,0,21.213,Third,,,,,,,,,,,
,,,,,,,,,,Third,,,,,,,,,,,
1,115,114.039,1.507,114.039,465,594,1.507,0,114.039,Third,,,,,,,,,,,
2,31,30.15,-84.289,30.15,522,585,95.711,0,30.15,Third,,,,,,,,,,,
,,,,,,,,,,Third,,,,,,,,,,,
1,118,117.346,-32.471,117.346,546,435,147.529,0,117.346,Third,,,,,,,,,,,
2,26,25.456,45,25.456,585,471,45,0,25.456,Third,,,,,,,,,,,
,,,,,,,,,,Third,,,,,,,,,,,
1,97,95.859,-20.136,95.859,447,510,159.864,0,95.859,Third,,,,,,,,,,,
2,28,26.833,-116.565,26.833,495,543,63.435,0,26.833,Third,,,,,,,,,,,
,,,,,,,,,,Third,,,,,,,,,,,
1,97,95.859,-20.136,95.859,471,516,159.864,0,95.859,Third,,,,,,,,,,,
2,35,34.205,-127.875,34.205,507,546,52.125,0,34.205,Third,,,,,,,,,,,
,,,,,,,,,,Third,,,,,,,,,,,
1,99,98.087,-23.429,98.087,435,513,156.571,0,98.087,Third,,,,,,,,,,,
2,28,26.833,-116.565,26.833,483,549,63.435,0,26.833,Third,,,,,,,,,,,
,,,,,,,,,,Third,,,,,,,,,,,
1,100,99.408,5.194,99.408,429,714,5.194,0,99.408,Third,,,,,,,,,,,
2,31,30.15,-84.289,30.15,480,693,95.711,0,30.15,Third,,,,,,,,,,,
,,,,,,,,,,Third,,,,,,,,,,,
1,92,90.796,-7.595,90.796,423,453,172.405,0,90.796,Third,,,,,,,,,,,
2,25,24,-90,24,471,453,90,0,24,Third,,,,,,,,,,,
,,,,,,,,,,Third,,,,,,,,,,,
1,86,84.853,8.13,84.853,327,582,8.13,0,84.853,Third,,,,,,,,,,,
2,16,15.297,-78.69,15.297,366,573,101.31,0,15.297,Third,,,,,,,,,,,
,,,,,,,,,,Third,,,,,,,,,,,
1,108,107.205,-17.928,107.205,459,504,162.072,0,107.205,Third,,,,,,,,,,,
2,22,21.213,-98.13,21.213,519,534,81.87,4.44E-16,21.213,Third,,,,,,,,,,,
,,,,,,,,,,Third,,,,,,,,,,,
1,100,99.045,-35.134,99.045,546,516,144.866,0,99.045,Third,,,,,,,,,,,
2,29,28.302,-122.005,28.302,594,561,57.995,0,28.302,Third,,,,,,,,,,,
,,,,,,,,,,Third,,,,,,,,,,,
1,97,96.047,-14.47,96.047,420,570,165.53,0,96.047,Third,,,,,,,,,,,
2,23,21.84,-105.945,21.84,468,597,74.055,0,21.84,Third,,,,,,,,,,,
,,,,,,,,,,Third,,,,,,,,,,,
1,107,105.513,14.826,105.513,447,528,14.826,0,105.513,Third,,,,,,,,,,,
2,27,25.632,-69.444,25.632,498,504,110.556,0,25.632,Third,,,,,,,,,,,
,,,,,,,,,,Third,,,,,,,,,,,
1,109,108.167,-3.18,108.167,444,561,176.82,0,108.167,Third,,,,,,,,,,,
2,28,27.166,-83.66,27.166,501,555,96.34,4.44E-16,27.166,Third,,,,,,,,,,,
,,,,,,,,,,Third,,,,,,,,,,,
1,94,93.145,-14.931,93.145,342,615,165.069,3.55E-15,93.145,Third,,,,,,,,,,,
2,25,24.187,-97.125,24.187,384,633,82.875,0,24.187,Third,,,,,,,,,,,
,,,,,,,,,,Third,,,,,,,,,,,
1,102,100.623,10.305,100.623,351,645,10.305,0,100.623,Third,,,,,,,,,,,
2,23,21.84,-74.055,21.84,393,624,105.945,8.88E-16,21.84,Third,,,,,,,,,,,
,,,,,,,,,,Third,,,,,,,,,,,
1,116,115.412,-8.973,115.412,408,567,171.027,0,115.412,Third,,,,,,,,,,,
2,28,27,-90,27,468,567,90,0,27,Third,,,,,,,,,,,
,,,,,,,,,,Third,,,,,,,,,,,
1,112,111.041,1.548,111.041,375,579,1.548,4.44E-16,111.041,Third,,,,,,,,,,,
2,19,18.248,-80.538,18.248,435,567,99.462,0,18.248,Third,,,,,,,,,,,
,,,,,,,,,,Third,,,,,,,,,,,
1,106,105.342,19.983,105.342,453,633,19.983,0,105.342,Third,,,,,,,,,,,
2,27,25.807,-54.462,25.807,492,609,125.538,0,25.807,Third,,,,,,,,,,,
,,,,,,,,,,Third,,,,,,,,,,,
1,100,99.318,-25.017,99.318,360,657,154.983,0,99.318,Third,,,,,,,,,,,
2,25,24.187,-119.745,24.187,405,687,60.255,0,24.187,Third,,,,,,,,,,,
,,,,,,,,,,Third,,,,,,,,,,,
1,85,83.678,-14.534,83.678,435,639,165.466,0,83.678,Third,,,,,,,,,,,
2,25,24,-90,24,483,639,90,0,24,Third,,,,,,,,,,,
,,,,,,,,,,Third,,,,,,,,,,,
1,101,100.13,-8.616,100.13,429,717,171.384,0,100.13,Third,,,,,,,,,,,
2,28,27,-90,27,486,714,90,0,27,Third,,,,,,,,,,,
,,,,,,,,,,Third,,,,,,,,,,,
1,88,87.207,-26.565,87.207,408,576,153.435,0,87.207,Third,,,,,,,,,,,
2,28,26.833,-116.565,26.833,447,609,63.435,0,26.833,Third,,,,,,,,,,,
,,,,,,,,,,Third,,,,,,,,,,,
1,107,105.513,-14.826,105.513,363,495,165.174,3.55E-15,105.513,Third,,,,,,,,,,,
2,25,24,-90,24,414,492,90,0,24,Third,,,,,,,,,,,
,,,,,,,,,,Third,,,,,,,,,,,
1,95,94.202,-9.162,94.202,336,675,170.838,1.78E-15,94.202,Third,,,,,,,,,,,
2,19,18,-90,18,387,675,90,0,18,Third,,,,,,,,,,,
,,,,,,,,,,Third,,,,,,,,,,,
1,98,96.607,-25.769,96.607,420,585,154.231,0,96.607,Third,,,,,,,,,,,
2,28,26.833,-116.565,26.833,456,621,63.435,0,26.833,Third,,,,,,,,,,,
,,,,,,,,,,Third,,,,,,,,,,,
1,92,90.796,7.595,90.796,381,546,7.595,0,90.796,Third,,,,,,,,,,,
2,19,18,-90,18,429,528,90,0,18,Third,,,,,,,,,,,
,,,,,,,,,,Third,,,,,,,,,,,
1,97,96.047,14.47,96.047,291,675,14.47,0,96.047,Third,,,,,,,,,,,
2,20,18.974,-71.565,18.974,333,657,108.435,8.88E-16,18.974,Third,,,,,,,,,,,
,,,,,,,,,,Third,,,,,,,,,,,
1,109,107.541,-22.989,107.541,417,573,157.011,0,107.541,Third,,,,,,,,,,,
2,31,30,-90,30,477,585,90,0,30,Third,,,,,,,,,,,
,,,,,,,,,,Third,,,,,,,,,,,
1,104,102.703,-6.71,102.703,435,651,173.29,0,102.703,Third,,,,,,,,,,,
2,28,27,-90,27,489,645,90,0,27,Third,,,,,,,,,,,
,,,,,,,,,,Third,,,,,,,,,,,
1,94,93.145,-14.931,93.145,330,579,165.069,3.55E-15,93.145,Third,,,,,,,,,,,
2,31,30,-90,30,381,579,90,0,30,Third,,,,,,,,,,,
,,,,,,,,,,Third,,,,,,,,,,,
1,92,91.389,-23.199,91.389,399,537,156.801,0,91.389,Third,,,,,,,,,,,
2,35,34.205,-127.875,34.205,432,570,52.125,0,34.205,Third,,,,,,,,,,,
,,,,,,,,,,Third,,,,,,,,,,,
1,87,86.377,-20.323,86.377,330,396,159.677,0,86.377,Third,,,,,,,,,,,
2,21,20.125,-116.565,20.125,372,417,63.435,0,20.125,Third,,,,,,,,,,,
,,,,,,,,,,Third,,,,,,,,,,,
1,103,101.868,-13.627,101.868,366,543,166.373,0,101.868,Third,,,,,,,,,,,
2,19,18.248,-99.462,18.248,417,564,80.538,0,18.248,Third,,,,,,,,,,,
,,,,,,,,,,Third,,,,,,,,,,,
1,99,97.673,10.62,97.673,255,489,10.62,0,97.673,Third,,,,,,,,,,,
2,21,20.125,-63.435,20.125,297,471,116.565,0,20.125,Third,,,,,,,,,,,
,,,,,,,,,,Third,,,,,,,,,,,
1,67,66.272,5.194,66.272,339,525,5.194,0,66.272,Third,,,,,,,,,,,
2,19,18,-90,18,369,510,90,0,18,Third,,,,,,,,,,,
,,,,,,,,,,Third,,,,,,,,,,,
1,109,108.042,1.591,108.042,363,516,1.591,0,108.042,Third,,,,,,,,,,,
2,19,18.248,-80.538,18.248,423,507,99.462,0,18.248,Third,,,,,,,,,,,
,,,,,,,,,,Third,,,,,,,,,,,
1,80,79.429,10.886,79.429,291,474,10.886,1.78E-15,79.429,Third,,,,,,,,,,,
2,29,28.46,-71.565,28.46,333,450,108.435,0,28.46,Third,,,,,,,,,,,
,,,,,,,,,,Third,,,,,,,,,,,
1,109,108.042,1.591,108.042,315,636,1.591,0,108.042,Third,,,,,,,,,,,
2,22,21.213,-81.87,21.213,369,633,98.13,0,21.213,Third,,,,,,,,,,,
,,,,,,,,,,Third,,,,,,,,,,,
1,102,101.203,-11.976,101.203,339,549,168.024,0,101.203,Third,,,,,,,,,,,
2,28,27,-90,27,393,546,90,0,27,Third,,,,,,,,,,,
,,,,,,,,,,Third,,,,,,,,,,,
1,100,99.045,1.736,99.045,303,408,1.736,0,99.045,Third,,,,,,,,,,,
2,22,21,-90,21,351,405,90,0,21,Third,,,,,,,,,,,
,,,,,,,,,,Third,,,,,,,,,,,
1,97,96.421,5.356,96.421,273,588,5.356,0,96.421,Third,,,,,,,,,,,
2,31,30.15,-84.289,30.15,318,573,95.711,0,30.15,Third,,,,,,,,,,,
,,,,,,,,,,Third,,,,,,,,,,,
1,125,124.31,-8.326,124.31,468,633,171.674,0,124.31,Third,,,,,,,,,,,
2,25,24,-90,24,525,639,90,0,24,Third,,,,,,,,,,,
,,,,,,,,,,Third,,,,,,,,,,,
1,100,99.182,-3.468,99.182,309,621,176.532,0,99.182,Third,,,,,,,,,,,
2,25,24.187,-82.875,24.187,360,609,97.125,0,24.187,Third,,,,,,,,,,,
,,,,,,,,,,Third,,,,,,,,,,,
1,86,85.381,-18.435,85.381,300,531,161.565,0,85.381,Third,,,,,,,,,,,
2,19,18,-90,18,339,537,90,0,18,Third,,,,,,,,,,,
,,,,,,,,,,Third,,,,,,,,,,,
1,103,102.176,3.366,102.176,345,657,3.366,0,102.176,Third,,,,,,,,,,,
2,28,27.166,-83.66,27.166,393,630,96.34,4.44E-16,27.166,Third,,,,,,,,,,,
,,,,,,,,,,Third,,,,,,,,,,,
1,96,94.726,10.954,94.726,357,453,10.954,3.55E-15,94.726,Third,,,,,,,,,,,
2,29,28.46,-71.565,28.46,399,423,108.435,0,28.46,Third,,,,,,,,,,,
,,,,,,,,,,Third,,,,,,,,,,,
1,109,108.167,3.18,108.167,351,609,3.18,0,108.167,Third,,,,,,,,,,,
2,25,24,-90,24,405,591,90,0,24,Third,,,,,,,,,,,
,,,,,,,,,,Third,,,,,,,,,,,
1,70,68.542,-23.199,68.542,267,621,156.801,0,68.542,Third,,,,,,,,,,,
2,25,24.187,-97.125,24.187,300,645,82.875,0,24.187,Third,,,,,,,,,,,
,,,,,,,,,,,,,,,,,,,,,
,,,,,,,,,,,,,,,,,,,,,
,,,,,,,,,,,,,,,,,,,,,
,,,,,,,,,,,,,,,,,,,,,
,,,,,,,,,,,,,,,,,,,,,
1,53,51.614,-54.462,51.614,549,660,125.538,0,51.614,Fourth,,,,,,,,,,,
2,23,21.633,-146.31,21.633,555,684,33.69,1.78E-15,21.633,Fourth,,,,,,,,,,,
,,,,,,,,,,Fourth,,,,,,,,,,,
1,70,69,0,69,618,540,0,0,69,Fourth,,,,,,,,,,,
2,34,33,-90,33,651,525,90,0,33,Fourth,,,,,,,,,,,
,,,,,,,,,,Fourth,,,,,,,,,,,
1,56,55.154,-22.38,55.154,588,549,157.62,0,55.154,Fourth,,,,,,,,,,,
2,25,24.187,-119.745,24.187,609,570,60.255,0,24.187,Fourth,,,,,,,,,,,
,,,,,,,,,,Fourth,,,,,,,,,,,
1,67,65.97,-14.036,65.97,526,456,165.964,0,65.97,Fourth,,,,,,,,,,,
2,21,20.396,-101.31,20.396,558,476,78.69,0,20.396,Fourth,,,,,,,,,,,
,,,,,,,,,,Fourth,,,,,,,,,,,
1,54,52.612,8.746,52.612,574,354,8.746,0,52.612,Fourth,,,,,,,,,,,
2,23,22,-90,22,602,336,90,0,22,Fourth,,,,,,,,,,,
,,,,,,,,,,Fourth,,,,,,,,,,,
1,61,60.374,-26.565,60.374,489,717,153.435,0,60.374,Fourth,,,,,,,,,,,
2,27,25.632,-110.556,25.632,513,744,69.444,0,25.632,Fourth,,,,,,,,,,,
,,,,,,,,,,Fourth,,,,,,,,,,,
1,58,57.271,-24.775,57.271,494,544,155.225,0,57.271,Fourth,,,,,,,,,,,
2,23,21.633,-123.69,21.633,514,562,56.31,0,21.633,Fourth,,,,,,,,,,,
,,,,,,,,,,Fourth,,,,,,,,,,,
1,52,51.264,20.556,51.264,476,522,20.556,0,51.264,Fourth,,,,,,,,,,,
2,25,24.166,-65.556,24.166,496,506,114.444,0,24.166,Fourth,,,,,,,,,,,
,,,,,,,,,,Fourth,,,,,,,,,,,
1,56,54.918,-10.491,54.918,456,494,169.509,0,54.918,Fourth,,,,,,,,,,,
2,24,22.804,-105.255,22.804,480,510,74.745,0,22.804,Fourth,,,,,,,,,,,
,,,,,,,,,,Fourth,,,,,,,,,,,
1,83,82.462,-14.036,82.462,490,440,165.964,0,82.462,Fourth,,,,,,,,,,,
2,32,31.048,-104.931,31.048,530,462,75.069,0,31.048,Fourth,,,,,,,,,,,
,,,,,,,,,,Fourth,,,,,,,,,,,
1,58,56.921,18.435,56.921,471,636,18.435,0,56.921,Fourth,,,,,,,,,,,
2,29,28.302,-57.995,28.302,492,618,122.005,0,28.302,Fourth,,,,,,,,,,,
,,,,,,,,,,Fourth,,,,,,,,,,,
1,49,48.374,-7.125,48.374,578,500,172.875,0,48.374,Fourth,,,,,,,,,,,
2,27,26,-90,26,602,484,90,0,26,Fourth,,,,,,,,,,,
,,,,,,,,,,Fourth,,,,,,,,,,,
1,60,58.822,17.819,58.822,670,542,17.819,0,58.822,Fourth,,,,,,,,,,,
2,23,21.541,-68.199,21.541,694,520,111.801,0,21.541,Fourth,,,,,,,,,,,
,,,,,,,,,,Fourth,,,,,,,,,,,
1,59,58.138,-3.945,58.138,666,448,176.055,0,58.138,Fourth,,,,,,,,,,,
2,23,22,-90,22,694,438,90,0,22,Fourth,,,,,,,,,,,
,,,,,,,,,,Fourth,,,,,,,,,,,
1,54,53.141,-19.799,53.141,558,346,160.201,0,53.141,Fourth,,,,,,,,,,,
2,24,22.804,-105.255,22.804,582,368,74.745,0,22.804,Fourth,,,,,,,,,,,
,,,,,,,,,,Fourth,,,,,,,,,,,
1,51,50.359,6.843,50.359,588,446,6.843,0,50.359,Fourth,,,,,,,,,,,
2,22,20.881,-73.301,20.881,612,436,106.699,0,20.881,Fourth,,,,,,,,,,,
,,,,,,,,,,Fourth,,,,,,,,,,,
1,65,64.031,-51.34,64.031,514,276,128.66,3.55E-15,64.031,Fourth,,,,,,,,,,,
2,24,22.804,-142.125,22.804,528,308,37.875,0,22.804,Fourth,,,,,,,,,,,
,,,,,,,,,,Fourth,,,,,,,,,,,
1,60,59,0,59,574,296,0,0,59,Fourth,,,,,,,,,,,
2,24,23,-90,23,601,285,90,0,23,Fourth,,,,,,,,,,,
3,53,52.498,-17.745,52.498,582,288,162.255,0,52.498,Fourth,,,,,,,,,,,
4,47,46.098,-155.659,46.098,580,304,24.341,0,46.098,Fourth,,,,,,,,,,,
,,,,,,,,,,Fourth,,,,,,,,,,,
1,76,75,0,75,423,525,0,0,75,Fourth,,,,,,,,,,,
2,28,27,-90,27,465,513,90,0,27,Fourth,,,,,,,,,,,
,,,,,,,,,,Fourth,,,,,,,,,,,
1,59,58.31,-5.906,58.31,512,456,174.094,0,58.31,Fourth,,,,,,,,,,,
2,21,20.396,-101.31,20.396,542,464,78.69,0,20.396,Fourth,,,,,,,,,,,
,,,,,,,,,,Fourth,,,,,,,,,,,
1,77,75.954,-9.09,75.954,618,708,170.91,0,75.954,Fourth,,,,,,,,,,,
2,31,30,-90,30,657,702,90,0,30,Fourth,,,,,,,,,,,
,,,,,,,,,,Fourth,,,,,,,,,,,
1,87,86.093,2.663,86.093,564,484,2.663,0,86.093,Fourth,,,,,,,,,,,
2,35,34,-90,34,604,470,90,0,34,Fourth,,,,,,,,,,,
,,,,,,,,,,Fourth,,,,,,,,,,,
1,91,90.2,3.814,90.2,530,470,3.814,0,90.2,Fourth,,,,,,,,,,,
2,33,32.249,-82.875,32.249,576,448,97.125,0,32.249,Fourth,,,,,,,,,,,
,,,,,,,,,,Fourth,,,,,,,,,,,
1,93,91.782,11.31,91.782,579,561,11.31,0,91.782,Fourth,,,,,,,,,,,
2,38,37.108,-75.964,37.108,618,537,104.036,0,37.108,Fourth,,,,,,,,,,,
,,,,,,,,,,Fourth,,,,,,,,,,,
1,103,101.98,-11.31,101.98,484,480,168.69,0,101.98,Fourth,,,,,,,,,,,
2,39,38.471,-117.897,38.471,522,516,62.103,0,38.471,Fourth,,,,,,,,,,,
,,,,,,,,,,Fourth,,,,,,,,,,,
1,105,104.173,3.302,104.173,574,474,3.302,8.88E-16,104.173,Fourth,,,,,,,,,,,
2,37,36,-90,36,626,448,90,0,36,Fourth,,,,,,,,,,,
,,,,,,,,,,Fourth,,,,,,,,,,,
1,103,102.313,-4.485,102.313,534,520,175.515,0,102.313,Fourth,,,,,,,,,,,
2,31,30,-90,30,590,512,90,0,30,Fourth,,,,,,,,,,,
,,,,,,,,,,Fourth,,,,,,,,,,,
1,110,109.037,7.907,109.037,579,630,7.907,1.78E-15,109.037,Fourth,,,,,,,,,,,
2,37,36.249,-65.556,36.249,630,609,114.444,0,36.249,Fourth,,,,,,,,,,,
,,,,,,,,,,Fourth,,,,,,,,,,,
1,103,102,0,102,585,612,0,0,102,Fourth,,,,,,,,,,,
2,40,39.115,-85.601,39.115,636,597,94.399,0,39.115,Fourth,,,,,,,,,,,
,,,,,,,,,,Fourth,,,,,,,,,,,
1,92,91.241,9.462,91.241,489,714,9.462,0,91.241,Fourth,,,,,,,,,,,
2,26,24.739,-75.964,24.739,531,696,104.036,0,24.739,Fourth,,,,,,,,,,,
,,,,,,,,,,Fourth,,,,,,,,,,,
1,96,94.726,10.954,94.726,537,690,10.954,3.55E-15,94.726,Fourth,,,,,,,,,,,
2,39,37.947,-71.565,37.947,579,660,108.435,1.78E-15,37.947,Fourth,,,,,,,,,,,
3,91,90.449,-5.711,90.449,543,675,174.289,0,90.449,Fourth,,,,,,,,,,,
4,84,83.355,-149.744,83.355,543,696,30.256,0,83.355,Fourth,,,,,,,,,,,
,,,,,,,,,,Fourth,,,,,,,,,,,
1,56,54.589,-8.427,54.589,660,432,171.573,0,54.589,Fourth,,,,,,,,,,,
2,19,18,-90,18,686,430,90,0,18,Fourth,,,,,,,,,,,
,,,,,,,,,,Fourth,,,,,,,,,,,
1,62,61.188,-11.31,61.188,543,678,168.69,1.78E-15,61.188,Fourth,,,,,,,,,,,
2,25,24.187,-97.125,24.187,573,696,82.875,0,24.187,Fourth,,,,,,,,,,,
,,,,,,,,,,Fourth,,,,,,,,,,,
1,59,58.138,-3.945,58.138,638,532,176.055,0,58.138,Fourth,,,,,,,,,,,
2,21,20,-90,20,670,524,90,0,20,Fourth,,,,,,,,,,,
,,,,,,,,,,Fourth,,,,,,,,,,,
1,67,66.483,-15.709,66.483,622,476,164.291,0,66.483,Fourth,,,,,,,,,,,
2,26,25.298,-108.435,25.298,650,496,71.565,0,25.298,Fourth,,,,,,,,,,,
3,56,54.589,-28.443,54.589,634,472,151.557,3.55E-15,54.589,Fourth,,,,,,,,,,,
4,65,64.281,-174.644,64.281,622,488,5.356,0,64.281,Fourth,,,,,,,,,,,
,,,,,,,,,,Fourth,,,,,,,,,,,
1,85,84.095,2.726,84.095,654,592,2.726,0,84.095,Fourth,,,,,,,,,,,
2,31,30.265,-82.405,30.265,694,580,97.595,0,30.265,Fourth,,,,,,,,,,,
,,,,,,,,,,Fourth,,,,,,,,,,,
1,73,72.443,6.34,72.443,662,552,6.34,0,72.443,Fourth,,,,,,,,,,,
2,29,28.284,-81.87,28.284,698,532,98.13,0,28.284,Fourth,,,,,,,,,,,
,,,,,,,,,,Fourth,,,,,,,,,,,
1,69,67.676,-18.97,67.676,602,484,161.03,0,67.676,Fourth,,,,,,,,,,,
2,29,27.857,-111.038,27.857,624,506,68.962,0,27.857,Fourth,,,,,,,,,,,
,,,,,,,,,,Fourth,,,,,,,,,,,
1,76,74.967,-9.211,74.967,576,548,170.789,0,74.967,Fourth,,,,,,,,,,,
2,25,24,-90,24,614,544,90,0,24,Fourth,,,,,,,,,,,
3,73,72.111,-19.44,72.111,576,544,160.56,3.55E-15,72.111,Fourth,,,,,,,,,,,
4,57,56.462,-157.068,56.462,596,568,22.932,0,56.462,Fourth,,,,,,,,,,,
,,,,,,,,,,Fourth,,,,,,,,,,,
1,60,58.549,7.853,58.549,618,412,7.853,0,58.549,Fourth,,,,,,,,,,,
2,27,26.306,-81.254,26.306,646,394,98.746,0,26.306,Fourth,,,,,,,,,,,
3,45,44.272,-18.435,44.272,630,398,161.565,0,44.272,Fourth,,,,,,,,,,,
4,49,48.374,-150.255,48.374,628,418,29.745,0,48.374,Fourth,,,,,,,,,,,
,,,,,,,,,,Fourth,,,,,,,,,,,
1,62,60.926,-23.199,60.926,634,356,156.801,0,60.926,Fourth,,,,,,,,,,,
2,28,27.203,-107.103,27.203,662,382,72.897,0,27.203,Fourth,,,,,,,,,,,
,,,,,,,,,,Fourth,,,,,,,,,,,
1,57,56.321,6.116,56.321,578,466,6.116,0,56.321,Fourth,,,,,,,,,,,
2,23,22.091,-84.806,22.091,606,450,95.194,0,22.091,Fourth,,,,,,,,,,,
,,,,,,,,,,Fourth,,,,,,,,,,,
1,59,58.31,-30.964,58.31,624,496,149.036,3.55E-15,58.31,Fourth,,,,,,,,,,,
2,24,23.409,-109.983,23.409,646,524,70.017,0,23.409,Fourth,,,,,,,,,,,
,,,,,,,,,,Fourth,,,,,,,,,,,
1,68,67.082,-26.565,67.082,590,608,153.435,0,67.082,Fourth,,,,,,,,,,,
2,27,26.077,-122.471,26.077,614,630,57.529,0,26.077,Fourth,,,,,,,,,,,
,,,,,,,,,,Fourth,,,,,,,,,,,
1,67,65.513,-12.339,65.513,572,462,167.661,0,65.513,Fourth,,,,,,,,,,,
2,25,24.166,-114.444,24.166,602,478,65.556,0,24.166,Fourth,,,,,,,,,,,
,,,,,,,,,,Fourth,,,,,,,,,,,
1,63,61.612,-13.134,61.612,614,492,166.866,1.78E-15,61.612,Fourth,,,,,,,,,,,
2,28,26.833,-116.565,26.833,642,512,63.435,0,26.833,Fourth,,,,,,,,,,,
,,,,,,,,,,Fourth,,,,,,,,,,,
1,47,46,0,46,522,432,0,0,46,Fourth,,,,,,,,,,,
2,25,24.083,-85.236,24.083,546,420,94.764,0,24.083,Fourth,,,,,,,,,,,
,,,,,,,,,,Fourth,,,,,,,,,,,
1,76,75.286,-16.991,75.286,602,446,163.009,0,75.286,Fourth,,,,,,,,,,,
2,30,28.636,-114.775,28.636,634,470,65.225,0,28.636,Fourth,,,,,,,,,,,
,,,,,,,,,,Fourth,,,,,,,,,,,
1,90,88.64,-23.962,88.64,639,585,156.038,0,88.64,Fourth,,,,,,,,,,,
2,29,28.302,-122.005,28.302,675,615,57.995,0,28.302,Fourth,,,,,,,,,,,
,,,,,,,,,,Fourth,,,,,,,,,,,
1,87,85.907,-24.775,85.907,645,588,155.225,0,85.907,Fourth,,,,,,,,,,,
2,29,28.302,-122.005,28.302,678,618,57.995,0,28.302,Fourth,,,,,,,,,,,
,,,,,,,,,,Fourth,,,,,,,,,,,
1,73,72.125,-16.928,72.125,624,657,163.072,0,72.125,Fourth,,,,,,,,,,,
2,33,32.311,-111.801,32.311,654,678,68.199,0,32.311,Fourth,,,,,,,,,,,
,,,,,,,,,,,,,,,,,,,,,
,,,,,,,,,,,,,,,,,,,,,
,,,,,,,,,,,,,,,,,,,,,
,,,,,,,,,,,,,,,,,,,,,
,,,,,,,,,,,,,,,,,,,,,
1,1080,258,0,120.337,501,645,175.711,9,0,Fifth,,,,,,,,,,,
2,43,42,-90,42,573,624,90,0,42,Fifth,,,,,,,,,,,
,,,,,,,,,,Fifth,,,,,,,,,,,
1,118,117,0,117,483,606,0,0,117,Fifth,,,,,,,,,,,
2,43,42.107,-85.914,42.107,543,594,94.086,4.44E-16,42.107,Fifth,,,,,,,,,,,
,,,,,,,,,,Fifth,,,,,,,,,,,
1,97,96.047,-1.79,96.047,498,591,178.21,0,96.047,Fifth,,,,,,,,,,,
2,43,42,-90,42,552,570,90,0,42,Fifth,,,,,,,,,,,
,,,,,,,,,,Fifth,,,,,,,,,,,
1,94,93.193,3.691,93.193,423,642,3.691,8.88E-16,93.193,Fifth,,,,,,,,,,,
2,31,30,90,30,471,630,90,0,30,Fifth,,,,,,,,,,,
,,,,,,,,,,Fifth,,,,,,,,,,,
1,86,84.853,8.13,84.853,381,522,8.13,0,84.853,Fifth,,,,,,,,,,,
2,37,36.125,-85.236,36.125,417,498,94.764,0,36.125,Fifth,,,,,,,,,,,
,,,,,,,,,,Fifth,,,,,,,,,,,
1,100,99.045,-1.736,99.045,384,636,178.264,4.44E-16,99.045,Fifth,,,,,,,,,,,
2,40,39,90,39,435,624,90,0,39,Fifth,,,,,,,,,,,
,,,,,,,,,,Fifth,,,,,,,,,,,
1,84,82.976,12.529,82.976,564,546,12.529,0,82.976,Fifth,,,,,,,,,,,
2,35,33.541,-79.695,33.541,600,516,100.305,8.88E-16,33.541,Fifth,,,,,,,,,,,
,,,,,,,,,,Fifth,,,,,,,,,,,
1,88,87.207,-3.945,87.207,405,576,176.055,0,87.207,Fifth,,,,,,,,,,,
2,34,33,-90,33,453,558,90,0,33,Fifth,,,,,,,,,,,
,,,,,,,,,,Fifth,,,,,,,,,,,
1,119,117.958,7.306,117.958,516,528,7.306,1.78E-15,117.958,Fifth,,,,,,,,,,,
2,40,39.459,-81.254,39.459,567,501,98.746,0,39.459,Fifth,,,,,,,,,,,
,,,,,,,,,,Fifth,,,,,,,,,,,
1,108,107.205,17.928,107.205,513,585,17.928,3.55E-15,107.205,Fifth,,,,,,,,,,,
2,46,45.398,-82.405,45.398,567,549,97.595,0,45.398,Fifth,,,,,,,,,,,
,,,,,,,,,,Fifth,,,,,,,,,,,
1,107,106.066,8.13,106.066,483,564,8.13,0,106.066,Fifth,,,,,,,,,,,
2,45,43.681,-74.055,43.681,525,534,105.945,1.78E-15,43.681,Fifth,,,,,,,,,,,
,,,,,,,,,,Fifth,,,,,,,,,,,
1,85,84.481,16.504,84.481,489,570,16.504,0,84.481,Fifth,,,,,,,,,,,
2,47,45.695,-66.801,45.695,525,534,113.199,0,45.695,Fifth,,,,,,,,,,,
,,,,,,,,,,Fifth,,,,,,,,,,,
1,101,100.13,8.616,100.13,591,663,8.616,0,100.13,Fifth,,,,,,,,,,,
2,49,48.374,-82.875,48.374,630,636,97.125,0,48.374,Fifth,,,,,,,,,,,
,,,,,,,,,,Fifth,,,,,,,,,,,
1,94,93.193,-3.691,93.193,495,654,176.309,0,93.193,Fifth,,,,,,,,,,,
2,37,36,-90,36,549,636,90,0,36,Fifth,,,,,,,,,,,
,,,,,,,,,,Fifth,,,,,,,,,,,
1,94,93.434,5.528,93.434,375,561,5.528,0,93.434,Fifth,,,,,,,,,,,
2,37,36.125,-85.236,36.125,420,546,94.764,0,36.125,Fifth,,,,,,,,,,,
,,,,,,,,,,Fifth,,,,,,,,,,,
1,60,59.093,23.962,59.093,333,849,23.962,0,59.093,Fifth,,,,,,,,,,,
2,27,25.807,-54.462,25.807,351,822,125.538,0,25.807,Fifth,,,,,,,,,,,
,,,,,,,,,,Fifth,,,,,,,,,,,
1,89,87.824,7.853,87.824,411,696,7.853,0,87.824,Fifth,,,,,,,,,,,
2,37,36.497,-80.538,36.497,453,678,99.462,0,36.497,Fifth,,,,,,,,,,,
,,,,,,,,,,Fifth,,,,,,,,,,,
1,80,79.429,10.886,79.429,333,723,10.886,1.78E-15,79.429,Fifth,,,,,,,,,,,
2,37,36.497,-80.538,36.497,369,696,99.462,0,36.497,Fifth,,,,,,,,,,,
,,,,,,,,,,Fifth,,,,,,,,,,,
1,70,69.26,4.97,69.26,315,693,4.97,0,69.26,Fifth,,,,,,,,,,,
2,31,30,-90,30,354,675,90,0,30,Fifth,,,,,,,,,,,
,,,,,,,,,,Fifth,,,,,,,,,,,
1,121,119.775,22.068,119.775,426,618,22.068,0,119.775,Fifth,,,,,,,,,,,
2,49,48.374,-60.255,48.374,471,570,119.745,0,48.374,Fifth,,,,,,,,,,,
,,,,,,,,,,Fifth,,,,,,,,,,,
1,97,96.047,-1.79,96.047,396,516,178.21,0,96.047,Fifth,,,,,,,,,,,
2,43,42,-90,42,447,492,90,0,42,Fifth,,,,,,,,,,,
,,,,,,,,,,Fifth,,,,,,,,,,,
1,104,103.446,16.858,103.446,384,612,16.858,0,103.446,Fifth,,,,,,,,,,,
2,43,41.677,-59.744,41.677,423,588,120.256,0,41.677,Fifth,,,,,,,,,,,
,,,,,,,,,,Fifth,,,,,,,,,,,
1,91,90.2,-3.814,90.2,438,591,176.186,0,90.2,Fifth,,,,,,,,,,,
2,34,33.136,-84.806,33.136,483,585,95.194,0,33.136,Fifth,,,,,,,,,,,
,,,,,,,,,,Fifth,,,,,,,,,,,
1,106,105.043,-1.637,105.043,585,552,178.363,0,105.043,Fifth,,,,,,,,,,,
2,43,42,-90,42,645,537,90,0,42,Fifth,,,,,,,,,,,
,,,,,,,,,,Fifth,,,,,,,,,,,
1,94,93,0,93,399,675,0,0,93,Fifth,,,,,,,,,,,
2,37,36,-90,36,444,657,90,0,36,Fifth,,,,,,,,,,,
,,,,,,,,,,Fifth,,,,,,,,,,,
1,107,106.066,-8.13,106.066,450,618,171.87,0,106.066,Fifth,,,,,,,,,,,
2,32,30.594,-101.31,30.594,510,645,78.69,8.88E-16,30.594,Fifth,,,,,,,,,,,
,,,,,,,,,,Fifth,,,,,,,,,,,
1,94,93.193,3.691,93.193,393,621,3.691,8.88E-16,93.193,Fifth,,,,,,,,,,,
2,34,33.136,-84.806,33.136,435,603,95.194,0,33.136,Fifth,,,,,,,,,,,
,,,,,,,,,,Fifth,,,,,,,,,,,
1,78,76.662,30.579,76.662,438,624,30.579,0,76.662,Fifth,,,,,,,,,,,
2,32,30.887,-60.945,30.887,468,591,119.055,0,30.887,Fifth,,,,,,,,,,,
,,,,,,,,,,Fifth,,,,,,,,,,,
1,95,94.154,22.479,94.154,483,729,22.479,0,94.154,Fifth,,,,,,,,,,,
2,38,36.62,-55.008,36.62,519,693,124.992,0,36.62,Fifth,,,,,,,,,,,
,,,,,,,,,,Fifth,,,,,,,,,,,
1,107,106.405,21.501,106.405,480,732,21.501,0,106.405,Fifth,,,,,,,,,,,
2,42,40.804,-53.973,40.804,516,693,126.027,0,40.804,Fifth,,,,,,,,,,,
,,,,,,,,,,Fifth,,,,,,,,,,,
1,100,99,0,99,486,687,0,0,99,Fifth,,,,,,,,,,,
2,40,39,-90,39,531,672,90,0,39,Fifth,,,,,,,,,,,
,,,,,,,,,,Fifth,,,,,,,,,,,
1,104,103.446,16.858,103.446,477,798,16.858,0,103.446,Fifth,,,,,,,,,,,
2,45,44.294,-61.699,44.294,522,771,118.301,0,44.294,Fifth,,,,,,,,,,,
,,,,,,,,,,,,,,,,,,,,,
,,,,,,,,,,,,,,,,,,,,,
,,,,,,,,,,,,,,,,,,,,,
,,,,,,,,,,,,,,,,,,,,,
,,,,,,,,,,,,,,,,,,,,,
,,,,,,,,,,,,,,,,,,,,,
1,122,219.323,120.599,-5.711,120.599,495,687,1.78E-15,120.599,Sixth,,,,,,,,,,,
2,134,222.014,133.154,22.521,133.154,501,717,7.11E-15,133.154,Sixth,,,,,,,,,,,
3,99,219.739,98.407,-37.569,98.407,519,669,0,98.407,Sixth,,,,,,,,,,,
4,70,221.69,69.065,-92.49,69.065,561,732,4.44E-16,69.065,Sixth,,,,,,,,,,,
,,,,,,,,,,Sixth,,,,,,,,,,,
1,110,243.818,109.49,-9.462,109.49,498,687,0,109.49,Sixth,,,,,,,,,,,
2,84,237.447,83.409,-37.694,83.409,522,672,0,83.409,Sixth,,,,,,,,,,,
3,89,246.78,88.233,17.819,88.233,507,708,0,88.233,Sixth,,,,,,,,,,,
4,46,247.457,45,90,45,558,675,0,45,Sixth,,,,,,,,,,,
,,,,,,,,,,Sixth,,,,,,,,,,,
1,102,231.696,100.623,-10.305,100.623,519,753,0,100.623,Sixth,,,,,,,,,,,
2,80,242.79,78.518,-43.452,78.518,546,735,0,78.518,Sixth,,,,,,,,,,,
3,95,245.675,94.202,9.162,94.202,534,765,0,94.202,Sixth,,,,,,,,,,,
4,59,240.016,58.249,78.111,58.249,582,789,0,58.249,Sixth,,,,,,,,,,,
,,,,,,,,,,Sixth,,,,,,,,,,,
1,110,237.285,109.037,-7.907,109.037,528,690,0,109.037,Sixth,,,,,,,,,,,
2,74,240.676,73.239,-34.992,73.239,546,675,0,73.239,Sixth,,,,,,,,,,,
3,86,241.682,85.381,18.435,85.381,543,702,0,85.381,Sixth,,,,,,,,,,,
4,49,247.764,48.374,82.875,48.374,588,717,0,48.374,Sixth,,,,,,,,,,,
,,,,,,,,,,Sixth,,,,,,,,,,,
1,109,227.209,108.374,-4.764,108.374,531,663,0,108.374,Sixth,,,,,,,,,,,
2,69,227.212,68.411,-37.875,68.411,561,642,0,68.411,Sixth,,,,,,,,,,,
3,89,227.112,88.233,35.311,88.233,552,687,0,88.233,Sixth,,,,,,,,,,,
4,55,228.568,54.083,86.82,54.083,588,690,0,54.083,Sixth,,,,,,,,,,,
,,,,,,,,,,Sixth,,,,,,,,,,,
1,110,232.603,109.037,-7.907,109.037,420,750,0,109.037,Sixth,,,,,,,,,,,
2,79,237.114,78.23,-32.471,78.23,438,738,0,78.23,Sixth,,,,,,,,,,,
3,95,238.383,93.915,26.565,93.915,432,774,0,93.915,Sixth,,,,,,,,,,,
4,58,233.88,57.315,83.991,57.315,474,783,0,57.315,Sixth,,,,,,,,,,,
,,,,,,,,,,Sixth,,,,,,,,,,,
1,90,246.553,89.499,-13.57,89.499,555,756,0,89.499,Sixth,,,,,,,,,,,
2,65,249.664,63.781,-48.814,63.781,585,741,0,63.781,Sixth,,,,,,,,,,,
3,91,245.808,90.25,15.422,90.25,555,771,0,90.25,Sixth,,,,,,,,,,,
4,53,249.174,52.393,66.371,52.393,597,789,0,52.393,Sixth,,,,,,,,,,,
,,,,,,,,,,Sixth,,,,,,,,,,,
1,105,227.876,104.139,-11.634,104.139,510,675,0,104.139,Sixth,,,,,,,,,,,
2,80,229.58,78.518,-43.452,78.518,537,663,0,78.518,Sixth,,,,,,,,,,,
3,104,231.553,103.446,16.858,103.446,513,696,0,103.446,Sixth,,,,,,,,,,,
4,53,232.202,51.788,79.992,51.788,567,714,0,51.788,Sixth,,,,,,,,,,,
,,,,,,,,,,Sixth,,,,,,,,,,,
1,92,238.572,91.241,-9.462,91.241,543,780,0,91.241,Sixth,,,,,,,,,,,
2,78,236.556,76.837,-38.66,76.837,561,765,0,76.837,Sixth,,,,,,,,,,,
3,95,240.186,94.154,22.479,94.154,546,804,0,94.154,Sixth,,,,,,,,,,,
4,56,238.866,54.745,80.538,54.745,591,819,0,54.745,Sixth,,,,,,,,,,,
,,,,,,,,,,Sixth,,,,,,,,,,,
1,127,225.15,126,0,126,480,606,0,126,Sixth,,,,,,,,,,,
2,88,224.531,87.207,-26.565,87.207,510,588,0,87.207,Sixth,,,,,,,,,,,
3,114,226.541,112.929,39.611,112.929,501,639,0,112.929,Sixth,,,,,,,,,,,
4,62,227.796,61.188,101.31,61.188,540,579,0,61.188,Sixth,,,,,,,,,,,
,,,,,,,,,,Sixth,,,,,,,,,,,
1,91,232.261,90.25,-15.422,90.25,528,534,0,90.25,Sixth,,,,,,,,,,,
2,84,232.432,82.759,-43.531,82.759,540,516,0,82.759,Sixth,,,,,,,,,,,
3,102,235.243,100.578,17.354,100.578,522,555,0,100.578,Sixth,,,,,,,,,,,
4,50,235.197,48.836,79.38,48.836,573,573,1.78E-15,48.836,Sixth,,,,,,,,,,,
,,,,,,,,,,Sixth,,,,,,,,,,,
1,99,236.939,98.27,-12.339,98.27,498,591,3.55E-15,98.27,Sixth,,,,,,,,,,,
2,80,236.593,78.518,-46.548,78.518,522,570,0,78.518,Sixth,,,,,,,,,,,
3,96,235.905,95.341,12.724,95.341,504,603,0,95.341,Sixth,,,,,,,,,,,
4,56,233.741,55.317,77.471,55.317,546,624,0,55.317,Sixth,,,,,,,,,,,
,,,,,,,,,,Sixth,,,,,,,,,,,
1,112,233.378,111,0,111,498,717,0,111,Sixth,,,,,,,,,,,
2,95,231.13,94.154,-30.651,94.154,513,690,0,94.154,Sixth,,,,,,,,,,,
3,103,235.292,101.514,34.16,101.514,510,741,7.11E-15,101.514,Sixth,,,,,,,,,,,
4,65,233.338,63.64,98.13,63.64,555,681,0,63.64,Sixth,,,,,,,,,,,
,,,,,,,,,,Sixth,,,,,,,,,,,
1,159,237.847,157.835,-8.746,157.835,510,669,0,157.835,Sixth,,,,,,,,,,,
2,109,237.155,108.208,-46.123,108.208,558,645,0,108.208,Sixth,,,,,,,,,,,
3,135,239.416,133.929,15.593,133.929,525,690,0,133.929,Sixth,,,,,,,,,,,
4,74,241.315,73.055,70.821,73.055,576,711,3.55E-15,73.055,Sixth,,,,,,,,,,,
,,,,,,,,,,Sixth,,,,,,,,,,,
1,107,235.226,105.513,-14.826,105.513,486,678,3.55E-15,105.513,Sixth,,,,,,,,,,,
2,90,235.096,89.499,-39.56,89.499,504,663,0,89.499,Sixth,,,,,,,,,,,
3,104,238.485,103.446,16.858,103.446,492,693,0,103.446,Sixth,,,,,,,,,,,
4,57,237.112,56.045,74.476,56.045,537,714,0,56.045,Sixth,,,,,,,,,,,
,,,,,,,,,,Sixth,,,,,,,,,,,
1,135,233.774,133.929,-15.593,133.929,489,477,7.11E-15,133.929,Sixth,,,,,,,,,,,
2,122,229.247,120.934,-43.995,120.934,501,447,0,120.934,Sixth,,,,,,,,,,,
3,132,235.391,131.214,10.539,131.214,486,492,0,131.214,Sixth,,,,,,,,,,,
4,70,237.148,69.26,72.35,69.26,534,525,0,69.26,Sixth,,,,,,,,,,,
,,,,,,,,,,Sixth,,,,,,,,,,,
1,121,247.517,120.075,-12.995,120.075,570,675,0,120.075,Sixth,,,,,,,,,,,
2,99,247.44,98.407,-37.569,98.407,594,660,0,98.407,Sixth,,,,,,,,,,,
3,124,249.722,123.329,18.435,123.329,579,702,0,123.329,Sixth,,,,,,,,,,,
4,67,248.227,66.272,84.806,66.272,636,717,0,66.272,Sixth,,,,,,,,,,,
,,,,,,,,,,Sixth,,,,,,,,,,,
1,127,211.61,125.929,-12.381,125.929,489,510,0,125.929,Sixth,,,,,,,,,,,
2,99,219.319,97.673,-42.51,97.673,522,492,0,97.673,Sixth,,,,,,,,,,,
3,137,210.446,135.665,18.034,135.665,492,537,0,135.665,Sixth,,,,,,,,,,,
4,68,219.111,67.082,79.695,67.082,558,561,0,67.082,Sixth,,,,,,,,,,,
,,,,,,,,,,Sixth,,,,,,,,,,,
1,98,238.539,96.747,-7.125,96.747,531,591,0,96.747,Sixth,,,,,,,,,,,
2,76,239.562,75,-36.87,75,549,579,0,75,Sixth,,,,,,,,,,,
3,102,237.424,100.846,22.751,100.846,528,612,0,100.846,Sixth,,,,,,,,,,,
4,55,238.082,54.332,83.66,54.332,582,624,0,54.332,Sixth,,,,,,,,,,,
,,,,,,,,,,Sixth,,,,,,,,,,,
1,110,230.456,108.665,-6.34,108.665,564,615,0,108.665,Sixth,,,,,,,,,,,
2,97,225.503,96.047,-38.66,96.047,579,591,0,96.047,Sixth,,,,,,,,,,,
3,123,229.942,122.156,24.677,122.156,573,645,0,122.156,Sixth,,,,,,,,,,,
4,74,221.709,72.56,82.875,72.56,624,657,0,72.56,Sixth,,,,,,,,,,,
,,,,,,,,,,Sixth,,,,,,,,,,,
1,140,234.725,138.521,-4.97,138.521,582,705,0,138.521,Sixth,,,,,,,,,,,
2,116,234.271,115.412,-27.897,115.412,600,681,0,115.412,Sixth,,,,,,,,,,,
3,134,234.929,132.883,28.301,132.883,591,729,7.11E-15,132.883,Sixth,,,,,,,,,,,
4,71,235.649,69.584,97.431,69.584,651,672,1.78E-15,69.584,Sixth,,,,,,,,,,,
,,,,,,,,,,Sixth,,,,,,,,,,,
1,113,233.977,111.647,-6.17,111.647,558,807,0,111.647,Sixth,,,,,,,,,,,
2,84,235.296,83.409,-37.694,83.409,582,777,0,83.409,Sixth,,,,,,,,,,,
3,98,242.266,96.933,21.801,96.933,561,819,0,96.933,Sixth,,,,,,,,,,,
4,55,239.878,54.083,86.82,54.083,612,831,0,54.083,Sixth,,,,,,,,,,,
,,,,,,,,,,Sixth,,,,,,,,,,,
1,89,240.544,88.284,-9.782,88.284,576,600,1.78E-15,88.284,Sixth,,,,,,,,,,,
2,71,242.049,69.971,-30.964,69.971,594,591,0,69.971,Sixth,,,,,,,,,,,
3,97,243.463,95.859,20.136,95.859,582,621,0,95.859,Sixth,,,,,,,,,,,
4,53,241.924,51.788,79.992,51.788,624,633,0,51.788,Sixth,,,,,,,,,,,
,,,,,,,,,,Sixth,,,,,,,,,,,
1,122,236.148,121.342,-8.531,121.342,660,696,0,121.342,Sixth,,,,,,,,,,,
2,73,236.296,72.125,-45,72.125,693,678,0,72.125,Sixth,,,,,,,,,,,
3,93,237.51,92.027,19.026,92.027,678,717,0,92.027,Sixth,,,,,,,,,,,
4,49,238.747,48.374,82.875,48.374,726,729,0,48.374,Sixth,,,,,,,,,,,
,,,,,,,,,,Sixth,,,,,,,,,,,
1,110,237.31,108.665,-6.34,108.665,660,807,0,108.665,Sixth,,,,,,,,,,,
2,87,239.655,85.907,-24.775,85.907,675,798,0,85.907,Sixth,,,,,,,,,,,
3,102,238.652,100.578,17.354,100.578,660,825,0,100.578,Sixth,,,,,,,,,,,
4,43,241.193,42.426,81.87,42.426,714,837,8.88E-16,42.426,Sixth,,,,,,,,,,,
,,,,,,,,,,Sixth,,,,,,,,,,,
1,110,233.286,109.037,-7.907,109.037,540,711,0,109.037,Sixth,,,,,,,,,,,
2,85,232.488,84.054,-34.824,84.054,558,693,0,84.054,Sixth,,,,,,,,,,,
3,118,233.668,116.692,17.969,116.692,534,729,7.11E-15,116.692,Sixth,,,,,,,,,,,
4,67,228.218,66.272,84.806,66.272,600,750,0,66.272,Sixth,,,,,,,,,,,
,,,,,,,,,,Sixth,,,,,,,,,,,
1,109,230.281,107.541,-22.989,107.541,519,789,0,107.541,Sixth,,,,,,,,,,,
2,90,232.769,89.095,-45,89.095,537,783,0,89.095,Sixth,,,,,,,,,,,
3,114,229.826,112.969,10.713,112.969,522,822,0,112.969,Sixth,,,,,,,,,,,
4,58,234.816,56.921,71.565,56.921,564,843,0,56.921,Sixth,,,,,,,,,,,
,,,,,,,,,,Sixth,,,,,,,,,,,
1,124,252.955,123.329,-4.185,123.329,534,693,0,123.329,Sixth,,,,,,,,,,,
2,90,253.501,89.045,-32.619,89.045,561,675,0,89.045,Sixth,,,,,,,,,,,
3,119,251.508,118.072,27.216,118.072,543,720,0,118.072,Sixth,,,,,,,,,,,
4,67,253.204,66.272,84.806,66.272,600,735,0,66.272,Sixth,,,,,,,,,,,
,,,,,,,,,,Sixth,,,,,,,,,,,
1,110,237.483,108.665,-6.34,108.665,561,771,0,108.665,Sixth,,,,,,,,,,,
2,71,238.17,70.036,-43.264,70.036,600,753,0,70.036,Sixth,,,,,,,,,,,
3,91,236.504,90.05,29.982,90.05,576,792,0,90.05,Sixth,,,,,,,,,,,
4,58,233.856,57.079,93.013,57.079,621,744,0,57.079,Sixth,,,,,,,,,,,
,,,,,,,,,,Sixth,,,,,,,,,,,
1,145,216.223,144.125,-2.386,144.125,588,795,0,144.125,Sixth,,,,,,,,,,,
2,113,216.397,111.647,-30.7,111.647,612,765,7.11E-15,111.647,Sixth,,,,,,,,,,,
3,124,217.476,123.438,25.942,123.438,603,816,0,123.438,Sixth,,,,,,,,,,,
4,70,213.492,69.065,87.51,69.065,657,825,4.44E-16,69.065,Sixth,,,,,,,,,,,
,,,,,,,,,,Sixth,,,,,,,,,,,
1,97,240.038,96.187,-3.576,96.187,474,801,0,96.187,Sixth,,,,,,,,,,,
2,90,240.672,88.64,-23.962,88.64,486,786,0,88.64,Sixth,,,,,,,,,,,
3,90,240.354,89.045,32.619,89.045,486,822,0,89.045,Sixth,,,,,,,,,,,
4,49,245.163,48,90,48,531,783,0,48,Sixth,,,,,,,,,,,
,,,,,,,,,,Sixth,,,,,,,,,,,
1,130,231.803,129.314,-3.991,129.314,450,756,0,129.314,Sixth,,,,,,,,,,,
2,114,230.982,112.73,-25.201,112.73,474,729,7.11E-15,112.73,Sixth,,,,,,,,,,,
3,138,231.547,137.084,23.199,137.084,453,783,0,137.084,Sixth,,,,,,,,,,,
4,67,230.836,66,90,66,534,723,0,66,Sixth,,,,,,,,,,,
,,,,,,,,,,Sixth,,,,,,,,,,,
1,95,242.246,94.202,-9.162,94.202,498,855,1.78E-15,94.202,Sixth,,,,,,,,,,,
2,69,240.978,68.015,-41.424,68.015,519,840,0,68.015,Sixth,,,,,,,,,,,
3,92,240.841,91.389,23.199,91.389,507,873,0,91.389,Sixth,,,,,,,,,,,
4,55,237.376,54.332,83.66,54.332,546,885,0,54.332,Sixth,,,,,,,,,,,
,,,,,,,,,,Sixth,,,,,,,,,,,
1,110,235.232,108.665,-6.34,108.665,456,675,0,108.665,Sixth,,,,,,,,,,,
2,82,232.762,80.777,-31.329,80.777,480,657,0,80.777,Sixth,,,,,,,,,,,
3,112,233.136,111.364,27.255,111.364,468,699,0,111.364,Sixth,,,,,,,,,,,
4,55,234.687,54.083,86.82,54.083,516,705,0,54.083,Sixth,,,,,,,,,,,
,,,,,,,,,,Sixth,,,,,,,,,,,
1,110,237.216,108.706,-27.979,108.706,573,570,0,108.706,Sixth,,,,,,,,,,,
2,112,234.77,111.162,3.094,111.162,570,594,0,111.162,Sixth,,,,,,,,,,,
3,84,232.56,83.355,-59.744,83.355,606,564,0,83.355,Sixth,,,,,,,,,,,
4,65,235.326,63.569,-109.29,63.569,615,627,0,63.569,Sixth,,,,,,,,,,,
,,,,,,,,,,Sixth,,,,,,,,,,,
1,133,227.674,132.442,-13.092,132.442,492,603,0,132.442,Sixth,,,,,,,,,,,
2,88,230.478,87.207,-40.815,87.207,522,591,0,87.207,Sixth,,,,,,,,,,,
3,111,229.197,110.064,17.447,110.064,507,627,0,110.064,Sixth,,,,,,,,,,,
4,64,228.892,62.642,73.301,62.642,561,645,0,62.642,Sixth,,,,,,,,,,,
,,,,,,,,,,Sixth,,,,,,,,,,,
1,83,235.05,82.098,-2.793,82.098,482,488,0,82.098,Sixth,,,,,,,,,,,
2,55,232.787,53.852,-21.801,53.852,504,480,3.55E-15,53.852,Sixth,,,,,,,,,,,
3,69,231.134,68.411,15.255,68.411,488,500,0,68.411,Sixth,,,,,,,,,,,
4,29,230.98,28.284,81.87,28.284,524,504,0,28.284,Sixth,,,,,,,,,,,
,,,,,,,,,,Sixth,,,,,,,,,,,
1,94,226.091,92.973,-18.825,92.973,528,490,3.55E-15,92.973,Sixth,,,,,,,,,,,
2,72,226.743,70.937,-40.426,70.937,540,480,0,70.937,Sixth,,,,,,,,,,,
3,87,224.304,86.023,-1.332,86.023,530,498,0,86.023,Sixth,,,,,,,,,,,
4,41,226.225,40.497,57.095,40.497,560,522,0,40.497,Sixth,,,,,,,,,,,
,,,,,,,,,,Sixth,,,,,,,,,,,
1,108,228.356,107.201,-14.036,107.201,444,358,0,107.201,Sixth,,,,,,,,,,,
2,83,220.977,81.633,-30.964,81.633,464,352,0,81.633,Sixth,,,,,,,,,,,
3,89,235.288,88.023,-1.302,88.023,452,370,0,88.023,Sixth,,,,,,,,,,,
4,32,238.798,30.594,78.69,30.594,494,384,8.88E-16,30.594,Sixth,,,,,,,,,,,
,,,,,,,,,,Sixth,,,,,,,,,,,
1,77,236.363,75.895,18.435,75.895,426,362,3.55E-15,75.895,Sixth,,,,,,,,,,,
2,81,233.747,80.225,-4.289,80.225,424,350,0,80.225,Sixth,,,,,,,,,,,
3,63,239.406,62.225,45,62.225,440,372,0,62.225,Sixth,,,,,,,,,,,
4,42,233.886,41.231,112.834,41.231,450,332,0,41.231,Sixth,,,,,,,,,,,
,,,,,,,,,,Sixth,,,,,,,,,,,
1,77,239.415,76.105,3.013,76.105,392,502,0,76.105,Sixth,,,,,,,,,,,
2,79,232.948,78.435,-19.359,78.435,400,490,0,78.435,Sixth,,,,,,,,,,,
3,65,236.294,63.812,32.196,63.812,404,520,0,63.812,Sixth,,,,,,,,,,,
4,37,236.537,36.056,93.18,36.056,430,484,0,36.056,Sixth,,,,,,,,,,,
,,,,,,,,,,Sixth,,,,,,,,,,,
1,89,237.398,88.023,1.302,88.023,460,376,0,88.023,Sixth,,,,,,,,,,,
2,88,239.736,86.649,-18.853,86.649,462,364,0,86.649,Sixth,,,,,,,,,,,
3,65,241.433,63.812,32.196,63.812,478,390,0,63.812,Sixth,,,,,,,,,,,
4,43,242.195,42.19,95.44,42.19,504,356,0,42.19,Sixth,,,,,,,,,,,
,,,,,,,,,,Sixth,,,,,,,,,,,
1,95,242.117,93.638,-19.983,93.638,516,550,0,93.638,Sixth,,,,,,,,,,,
2,71,240.547,70,-36.87,70,536,546,0,70,Sixth,,,,,,,,,,,
3,87,242.157,86,0,86,520,564,0,86,Sixth,,,,,,,,,,,
4,36,244.33,34.928,66.371,34.928,556,580,0,34.928,Sixth,,,,,,,,,,,
,,,,,,,,,,Sixth,,,,,,,,,,,
1,124,196.344,122.703,19.026,122.703,528,572,0,122.703,Sixth,,,,,,,,,,,
2,103,196.366,102.176,3.366,102.176,532,556,0,102.176,Sixth,,,,,,,,,,,
3,102,201.652,101.074,27.072,101.074,540,574,0,101.074,Sixth,,,,,,,,,,,
4,25,200.276,24.331,99.462,24.331,580,544,0,24.331,Sixth,,,,,,,,,,,
,,,,,,,,,,Sixth,,,,,,,,,,,
1,84,248.219,82.801,-37.147,82.801,472,374,0,82.801,Sixth,,,,,,,,,,,
2,92,252.257,91.411,-10.081,91.411,456,390,0,91.411,Sixth,,,,,,,,,,,
3,69,253.336,68.411,-52.125,68.411,484,370,7.11E-15,68.411,Sixth,,,,,,,,,,,
4,48,247.425,46.69,-133.264,46.69,488,418,0,46.69,Sixth,,,,,,,,,,,
,,,,,,,,,,Sixth,,,,,,,,,,,
1,83,220.924,82.462,-14.036,82.462,380,440,0,82.462,Sixth,,,,,,,,,,,
2,61,224.464,59.666,-39.56,59.666,404,432,0,59.666,Sixth,,,,,,,,,,,
3,88,226.087,87.361,15.945,87.361,388,460,3.55E-15,87.361,Sixth,,,,,,,,,,,
4,43,225.529,42.426,81.87,42.426,430,472,8.88E-16,42.426,Sixth,,,,,,,,,,,
,,,,,,,,,,Sixth,,,,,,,,,,,
1,82,226.107,81.216,-9.926,81.216,480,492,0,81.216,Sixth,,,,,,,,,,,
2,61,234.221,60,-36.87,60,496,476,3.55E-15,60,Sixth,,,,,,,,,,,
3,88,234.522,87.361,15.945,87.361,484,504,3.55E-15,87.361,Sixth,,,,,,,,,,,
4,48,235.318,46.819,70.017,46.819,524,516,0,46.819,Sixth,,,,,,,,,,,
,,,,,,,,,,Sixth,,,,,,,,,,,
1,92,220.107,91.082,-8.842,91.082,470,476,0,91.082,Sixth,,,,,,,,,,,
2,97,215.677,95.603,15.781,95.603,460,496,0,95.603,Sixth,,,,,,,,,,,
3,74,218.504,73.43,-29.358,73.43,480,464,0,73.43,Sixth,,,,,,,,,,,
4,50,218.717,49.031,-101.768,49.031,506,508,0,49.031,Sixth,,,,,,,,,,,
,,,,,,,,,,Sixth,,,,,,,,,,,
1,104,238.412,103.092,18.083,103.092,372,442,0,103.092,Sixth,,,,,,,,,,,
2,97,238.876,96.333,4.764,96.333,364,436,0,96.333,Sixth,,,,,,,,,,,
3,93,241.437,92.195,40.601,92.195,384,452,0,92.195,Sixth,,,,,,,,,,,
4,33,249.201,32.311,111.801,32.311,418,410,0,32.311,Sixth,,,,,,,,,,,
,,,,,,,,,,Sixth,,,,,,,,,,,
1,93,218.965,92.13,27.121,92.13,484,674,7.11E-15,92.13,Sixth,,,,,,,,,,,
2,87,217.314,86,0,86,478,652,0,86,Sixth,,,,,,,,,,,
3,68,219.271,66.843,51.072,66.843,510,674,0,66.843,Sixth,,,,,,,,,,,
4,41,218.678,40.249,116.565,40.249,510,636,0,40.249,Sixth,,,,,,,,,,,
,,,,,,,,,,,,,,,,,,,,,
,,,,,,,,,,,,,,,,,,,,,
,,,,,,,,,,,,,,,,,,,,,
,,,,,,,,,,,,,,,,,,,,,
,,,,,,,,,,,,,,,,,,,,,
,,,,,,,,,,,,,,,,,,,,,
,,,,,,,,,,,,,,,,,,,,,
,,,,,,,,,,,,,,,,,,,,,
,,,,,,,,,,,,,,,,,,,,,
,,,,,,,,,,,,,,,,,,,,,
,,,,,,,,,,,,,,,,,,,,,
,,,,,,,,,,,,,,,,,,,,,
,,,,,,,,,,,,,,,,,,,,,
,,,,,,,,,,,,,,,,,,,,,
,,,,,,,,,,,,,,,,,,,,,
,,,,,,,,,,,,,,,,,,,,,
,,,,,,,,,,,,,,,,,,,,,
,,,,,,,,,,,,,,,,,,,,,
,,,,,,,,,,,,,,,,,,,,,
,,,,,,,,,,,,,,,,,,,,,
,,,,,,,,,,,,,,,,,,,,,
,,,,,,,,,,,,,,,,,,,,,
,,,,,,,,,,,,,,,,,,,,,
,,,,,,,,,,,,,,,,,,,,,
,,,,,,,,,,,,,,,,,,,,,
,,,,,,,,,,,,,,,,,,,,,
,,,,,,,,,,,,,,,,,,,,,
,,,,,,,,,,,,,,,,,,,,,
,,,,,,,,,,,,,,,,,,,,,
,,,,,,,,,,,,,,,,,,,,,
,,,,,,,,,,,,,,,,,,,,,
,,,,,,,,,,,,,,,,,,,,,
,,,,,,,,,,,,,,,,,,,,,
,,,,,,,,,,,,,,,,,,,,,
,,,,,,,,,,,,,,,,,,,,,
,,,,,,,,,,,,,,,,,,,,,
,,,,,,,,,,,,,,,,,,,,,
,,,,,,,,,,,,,,,,,,,,,
,,,,,,,,,,,,,,,,,,,,,
,,,,,,,,,,,,,,,,,,,,,
,,,,,,,,,,,,,,,,,,,,,
,,,,,,,,,,,,,,,,,,,,,
,,,,,,,,,,,,,,,,,,,,,
,,,,,,,,,,,,,,,,,,,,,
,,,,,,,,,,,,,,,,,,,,,
,,,,,,,,,,,,,,,,,,,,,
,,,,,,,,,,,,,,,,,,,,,
,,,,,,,,,,,,,,,,,,,,,
,,,,,,,,,,,,,,,,,,,,,
,,,,,,,,,,,,,,,,,,,,,
,,,,,,,,,,,,,,,,,,,,,
,,,,,,,,,,,,,,,,,,,,,
,,,,,,,,,,,,,,,,,,,,,
,,,,,,,,,,,,,,,,,,,,,
,,,,,,,,,,,,,,,,,,,,,
,,,,,,,,,,,,,,,,,,,,,
,,,,,,,,,,,,,,,,,,,,,
,,,,,,,,,,,,,,,,,,,,,
,,,,,,,,,,,,,,,,,,,,,
,,,,,,,,,,,,,,,,,,,,,
,,,,,,,,,,,,,,,,,,,,,
,,,,,,,,,,,,,,,,,,,,,
,,,,,,,,,,,,,,,,,,,,,
,,,,,,,,,,,,,,,,,,,,,
,,,,,,,,,,,,,,,,,,,,,
,,,,,,,,,,,,,,,,,,,,,
,,,,,,,,,,,,,,,,,,,,,
,,,,,,,,,,,,,,,,,,,,,
,,,,,,,,,,,,,,,,,,,,,
,,,,,,,,,,,,,,,,,,,,,
,,,,,,,,,,,,,,,,,,,,,
,,,,,,,,,,,,,,,,,,,,,
,,,,,,,,,,,,,,,,,,,,,
,,,,,,,,,,,,,,,,,,,,,
,,,,,,,,,,,,,,,,,,,,,
,,,,,,,,,,,,,,,,,,,,,
,,,,,,,,,,,,,,,,,,,,,
,,,,,,,,,,,,,,,,,,,,,
,,,,,,,,,,,,,,,,,,,,,
,,,,,,,,,,,,,,,,,,,,,
,,,,,,,,,,,,,,,,,,,,,
,,,,,,,,,,,,,,,,,,,,,
,,,,,,,,,,,,,,,,,,,,,
,,,,,,,,,,,,,,,,,,,,,
,,,,,,,,,,,,,,,,,,,,,
,,,,,,,,,,,,,,,,,,,,,
,,,,,,,,,,,,,,,,,,,,,
,,,,,,,,,,,,,,,,,,,,,
,,,,,,,,,,,,,,,,,,,,,
,,,,,,,,,,,,,,,,,,,,,
,,,,,,,,,,,,,,,,,,,,,
,,,,,,,,,,,,,,,,,,,,,
,,,,,,,,,,,,,,,,,,,,,
,,,,,,,,,,,,,,,,,,,,,
,,,,,,,,,,,,,,,,,,,,,
,,,,,,,,,,,,,,,,,,,,,
,,,,,,,,,,,,,,,,,,,,,
,,,,,,,,,,,,,,,,,,,,,
,,,,,,,,,,,,,,,,,,,,,
,,,,,,,,,,,,,,,,,,,,,
,,,,,,,,,,,,,,,,,,,,,
,,,,,,,,,,,,,,,,,,,,,
,,,,,,,,,,,,,,,,,,,,,
,,,,,,,,,,,,,,,,,,,,,
,,,,,,,,,,,,,,,,,,,,,
,,,,,,,,,,,,,,,,,,,,,
,,,,,,,,,,,,,,,,,,,,,
,,,,,,,,,,,,,,,,,,,,,
,,,,,,,,,,,,,,,,,,,,,
,,,,,,,,,,,,,,,,,,,,,
,,,,,,,,,,,,,,,,,,,,,
,,,,,,,,,,,,,,,,,,,,,
,,,,,,,,,,,,,,,,,,,,,
,,,,,,,,,,,,,,,,,,,,,
,,,,,,,,,,,,,,,,,,,,,
,,,,,,,,,,,,,,,,,,,,,
,,,,,,,,,,,,,,,,,,,,,
,,,,,,,,,,,,,,,,,,,,,
,,,,,,,,,,,,,,,,,,,,,
,,,,,,,,,,,,,,,,,,,,,
,,,,,,,,,,,,,,,,,,,,,
,,,,,,,,,,,,,,,,,,,,,
,,,,,,,,,,,,,,,,,,,,,
,,,,,,,,,,,,,,,,,,,,,
,,,,,,,,,,,,,,,,,,,,,
,,,,,,,,,,,,,,,,,,,,,
,,,,,,,,,,,,,,,,,,,,,
,,,,,,,,,,,,,,,,,,,,,
,,,,,,,,,,,,,,,,,,,,,
,,,,,,,,,,,,,,,,,,,,,
,,,,,,,,,,,,,,,,,,,,,
,,,,,,,,,,,,,,,,,,,,,
,,,,,,,,,,,,,,,,,,,,,
,,,,,,,,,,,,,,,,,,,,,
,,,,,,,,,,,,,,,,,,,,,
,,,,,,,,,,,,,,,,,,,,,
,,,,,,,,,,,,,,,,,,,,,
,,,,,,,,,,,,,,,,,,,,,
,,,,,,,,,,,,,,,,,,,,,
,,,,,,,,,,,,,,,,,,,,,
,,,,,,,,,,,,,,,,,,,,,
,,,,,,,,,,,,,,,,,,,,,
,,,,,,,,,,,,,,,,,,,,,
,,,,,,,,,,,,,,,,,,,,,
,,,,,,,,,,,,,,,,,,,,,
,,,,,,,,,,,,,,,,,,,,,
,,,,,,,,,,,,,,,,,,,,,
,,,,,,,,,,,,,,,,,,,,,
,,,,,,,,,,,,,,,,,,,,,
,,,,,,,,,,,,,,,,,,,,,
,,,,,,,,,,,,,,,,,,,,,
,,,,,,,,,,,,,,,,,,,,,
,,,,,,,,,,,,,,,,,,,,,
,,,,,,,,,,,,,,,,,,,,,
,,,,,,,,,,,,,,,,,,,,,
,,,,,,,,,,,,,,,,,,,,,
,,,,,,,,,,,,,,,,,,,,,
,,,,,,,,,,,,,,,,,,,,,
,,,,,,,,,,,,,,,,,,,,,
,,,,,,,,,,,,,,,,,,,,,
,,,,,,,,,,,,,,,,,,,,,
,,,,,,,,,,,,,,,,,,,,,
,,,,,,,,,,,,,,,,,,,,,
,,,,,,,,,,,,,,,,,,,,,
,,,,,,,,,,,,,,,,,,,,,
,,,,,,,,,,,,,,,,,,,,,
,,,,,,,,,,,,,,,,,,,,,
,,,,,,,,,,,,,,,,,,,,,
,,,,,,,,,,,,,,,,,,,,,
,,,,,,,,,,,,,,,,,,,,,
,,,,,,,,,,,,,,,,,,,,,
,,,,,,,,,,,,,,,,,,,,,
,,,,,,,,,,,,,,,,,,,,,
,,,,,,,,,,,,,,,,,,,,,
,,,,,,,,,,,,,,,,,,,,,
,,,,,,,,,,,,,,,,,,,,,
,,,,,,,,,,,,,,,,,,,,,
,,,,,,,,,,,,,,,,,,,,,
,,,,,,,,,,,,,,,,,,,,,
,,,,,,,,,,,,,,,,,,,,,
,,,,,,,,,,,,,,,,,,,,,
,,,,,,,,,,,,,,,,,,,,,
,,,,,,,,,,,,,,,,,,,,,
,,,,,,,,,,,,,,,,,,,,,
,,,,,,,,,,,,,,,,,,,,,
,,,,,,,,,,,,,,,,,,,,,
,,,,,,,,,,,,,,,,,,,,,
,,,,,,,,,,,,,,,,,,,,,
,,,,,,,,,,,,,,,,,,,,,
,,,,,,,,,,,,,,,,,,,,,
,,,,,,,,,,,,,,,,,,,,,
,,,,,,,,,,,,,,,,,,,,,
,,,,,,,,,,,,,,,,,,,,,
,,,,,,,,,,,,,,,,,,,,,
,,,,,,,,,,,,,,,,,,,,,
,,,,,,,,,,,,,,,,,,,,,
,,,,,,,,,,,,,,,,,,,,,
,,,,,,,,,,,,,,,,,,,,,
,,,,,,,,,,,,,,,,,,,,,
,,,,,,,,,,,,,,,,,,,,,
,,,,,,,,,,,,,,,,,,,,,
,,,,,,,,,,,,,,,,,,,,,
,,,,,,,,,,,,,,,,,,,,,
,,,,,,,,,,,,,,,,,,,,,
,,,,,,,,,,,,,,,,,,,,,
,,,,,,,,,,,,,,,,,,,,,
,,,,,,,,,,,,,,,,,,,,,
,,,,,,,,,,,,,,,,,,,,,
,,,,,,,,,,,,,,,,,,,,,
,,,,,,,,,,,,,,,,,,,,,
,,,,,,,,,,,,,,,,,,,,,
,,,,,,,,,,,,,,,,,,,,,
,,,,,,,,,,,,,,,,,,,,,
,,,,,,,,,,,,,,,,,,,,,
,,,,,,,,,,,,,,,,,,,,,
,,,,,,,,,,,,,,,,,,,,,
,,,,,,,,,,,,,,,,,,,,,
,,,,,,,,,,,,,,,,,,,,,
,,,,,,,,,,,,,,,,,,,,,
,,,,,,,,,,,,,,,,,,,,,
,,,,,,,,,,,,,,,,,,,,,
,,,,,,,,,,,,,,,,,,,,,
,,,,,,,,,,,,,,,,,,,,,
,,,,,,,,,,,,,,,,,,,,,
,,,,,,,,,,,,,,,,,,,,,
,,,,,,,,,,,,,,,,,,,,,
,,,,,,,,,,,,,,,,,,,,,
,,,,,,,,,,,,,,,,,,,,,
,,,,,,,,,,,,,,,,,,,,,
,,,,,,,,,,,,,,,,,,,,,
,,,,,,,,,,,,,,,,,,,,,
,,,,,,,,,,,,,,,,,,,,,
,,,,,,,,,,,,,,,,,,,,,
,,,,,,,,,,,,,,,,,,,,,
,,,,,,,,,,,,,,,,,,,,,
,,,,,,,,,,,,,,,,,,,,,
,,,,,,,,,,,,,,,,,,,,,
,,,,,,,,,,,,,,,,,,,,,
,,,,,,,,,,,,,,,,,,,,,
,,,,,,,,,,,,,,,,,,,,,
,,,,,,,,,,,,,,,,,,,,,
,,,,,,,,,,,,,,,,,,,,,
,,,,,,,,,,,,,,,,,,,,,
,,,,,,,,,,,,,,,,,,,,,
,,,,,,,,,,,,,,,,,,,,,
,,,,,,,,,,,,,,,,,,,,,
,,,,,,,,,,,,,,,,,,,,,
,,,,,,,,,,,,,,,,,,,,,
,,,,,,,,,,,,,,,,,,,,,
,,,,,,,,,,,,,,,,,,,,,
,,,,,,,,,,,,,,,,,,,,,
,,,,,,,,,,,,,,,,,,,,,
,,,,,,,,,,,,,,,,,,,,,
,,,,,,,,,,,,,,,,,,,,,
,,,,,,,,,,,,,,,,,,,,,
,,,,,,,,,,,,,,,,,,,,,
,,,,,,,,,,,,,,,,,,,,,
,,,,,,,,,,,,,,,,,,,,,
,,,,,,,,,,,,,,,,,,,,,
,,,,,,,,,,,,,,,,,,,,,
,,,,,,,,,,,,,,,,,,,,,
,,,,,,,,,,,,,,,,,,,,,
,,,,,,,,,,,,,,,,,,,,,
,,,,,,,,,,,,,,,,,,,,,
,,,,,,,,,,,,,,,,,,,,,
,,,,,,,,,,,,,,,,,,,,,
,,,,,,,,,,,,,,,,,,,,,
,,,,,,,,,,,,,,,,,,,,,
,,,,,,,,,,,,,,,,,,,,,
,,,,,,,,,,,,,,,,,,,,,
,,,,,,,,,,,,,,,,,,,,,
,,,,,,,,,,,,,,,,,,,,,
,,,,,,,,,,,,,,,,,,,,,
,,,,,,,,,,,,,,,,,,,,,
,,,,,,,,,,,,,,,,,,,,,
,,,,,,,,,,,,,,,,,,,,,
,,,,,,,,,,,,,,,,,,,,,
,,,,,,,,,,,,,,,,,,,,,
,,,,,,,,,,,,,,,,,,,,,
,,,,,,,,,,,,,,,,,,,,,
,,,,,,,,,,,,,,,,,,,,,
,,,,,,,,,,,,,,,,,,,,,
,,,,,,,,,,,,,,,,,,,,,
,,,,,,,,,,,,,,,,,,,,,
,,,,,,,,,,,,,,,,,,,,,
,,,,,,,,,,,,,,,,,,,,,
,,,,,,,,,,,,,,,,,,,,,
,,,,,,,,,,,,,,,,,,,,,
,,,,,,,,,,,,,,,,,,,,,
,,,,,,,,,,,,,,,,,,,,,
,,,,,,,,,,,,,,,,,,,,,
,,,,,,,,,,,,,,,,,,,,,
,,,,,,,,,,,,,,,,,,,,,
,,,,,,,,,,,,,,,,,,,,,
,,,,,,,,,,,,,,,,,,,,,
,,,,,,,,,,,,,,,,,,,,,
,,,,,,,,,,,,,,,,,,,,,
,,,,,,,,,,,,,,,,,,,,,
,,,,,,,,,,,,,,,,,,,,,
,,,,,,,,,,,,,,,,,,,,,
,,,,,,,,,,,,,,,,,,,,,
,,,,,,,,,,,,,,,,,,,,,
,,,,,,,,,,,,,,,,,,,,,
,,,,,,,,,,,,,,,,,,,,,
,,,,,,,,,,,,,,,,,,,,,
,,,,,,,,,,,,,,,,,,,,,
,,,,,,,,,,,,,,,,,,,,,
,,,,,,,,,,,,,,,,,,,,,
,,,,,,,,,,,,,,,,,,,,,
,,,,,,,,,,,,,,,,,,,,,
,,,,,,,,,,,,,,,,,,,,,
,,,,,,,,,,,,,,,,,,,,,
,,,,,,,,,,,,,,,,,,,,,
,,,,,,,,,,,,,,,,,,,,,
,,,,,,,,,,,,,,,,,,,,,
,,,,,,,,,,,,,,,,,,,,,
,,,,,,,,,,,,,,,,,,,,,
,,,,,,,,,,,,,,,,,,,,,
,,,,,,,,,,,,,,,,,,,,,
,,,,,,,,,,,,,,,,,,,,,
,,,,,,,,,,,,,,,,,,,,,
,,,,,,,,,,,,,,,,,,,,,
,,,,,,,,,,,,,,,,,,,,,
,,,,,,,,,,,,,,,,,,,,,
,,,,,,,,,,,,,,,,,,,,,
,,,,,,,,,,,,,,,,,,,,,
,,,,,,,,,,,,,,,,,,,,,
,,,,,,,,,,,,,,,,,,,,,
,,,,,,,,,,,,,,,,,,,,,
,,,,,,,,,,,,,,,,,,,,,
,,,,,,,,,,,,,,,,,,,,,
,,,,,,,,,,,,,,,,,,,,,
,,,,,,,,,,,,,,,,,,,,,
,,,,,,,,,,,,,,,,,,,,,
,,,,,,,,,,,,,,,,,,,,,
,,,,,,,,,,,,,,,,,,,,,
,,,,,,,,,,,,,,,,,,,,,
,,,,,,,,,,,,,,,,,,,,,
,,,,,,,,,,,,,,,,,,,,,
,,,,,,,,,,,,,,,,,,,,,
,,,,,,,,,,,,,,,,,,,,,
,,,,,,,,,,,,,,,,,,,,,
,,,,,,,,,,,,,,,,,,,,,
,,,,,,,,,,,,,,,,,,,,,
,,,,,,,,,,,,,,,,,,,,,
,,,,,,,,,,,,,,,,,,,,,
,,,,,,,,,,,,,,,,,,,,,
,,,,,,,,,,,,,,,,,,,,,
,,,,,,,,,,,,,,,,,,,,,
,,,,,,,,,,,,,,,,,,,,,
,,,,,,,,,,,,,,,,,,,,,
,,,,,,,,,,,,,,,,,,,,,
,,,,,,,,,,,,,,,,,,,,,
,,,,,,,,,,,,,,,,,,,,,
,,,,,,,,,,,,,,,,,,,,,
,,,,,,,,,,,,,,,,,,,,,
,,,,,,,,,,,,,,,,,,,,,
,,,,,,,,,,,,,,,,,,,,,
,,,,,,,,,,,,,,,,,,,,,
,,,,,,,,,,,,,,,,,,,,,
,,,,,,,,,,,,,,,,,,,,,
,,,,,,,,,,,,,,,,,,,,,
,,,,,,,,,,,,,,,,,,,,,
,,,,,,,,,,,,,,,,,,,,,
,,,,,,,,,,,,,,,,,,,,,
,,,,,,,,,,,,,,,,,,,,,
,,,,,,,,,,,,,,,,,,,,,
,,,,,,,,,,,,,,,,,,,,,
,,,,,,,,,,,,,,,,,,,,,
,,,,,,,,,,,,,,,,,,,,,
,,,,,,,,,,,,,,,,,,,,,
,,,,,,,,,,,,,,,,,,,,,
,,,,,,,,,,,,,,,,,,,,,
,,,,,,,,,,,,,,,,,,,,,
,,,,,,,,,,,,,,,,,,,,,
,,,,,,,,,,,,,,,,,,,,,
,,,,,,,,,,,,,,,,,,,,,
,,,,,,,,,,,,,,,,,,,,,
,,,,,,,,,,,,,,,,,,,,,
,,,,,,,,,,,,,,,,,,,,,
,,,,,,,,,,,,,,,,,,,,,
,,,,,,,,,,,,,,,,,,,,,
,,,,,,,,,,,,,,,,,,,,,
,,,,,,,,,,,,,,,,,,,,,
,,,,,,,,,,,,,,,,,,,,,
,,,,,,,,,,,,,,,,,,,,,
,,,,,,,,,,,,,,,,,,,,,
,,,,,,,,,,,,,,,,,,,,,
,,,,,,,,,,,,,,,,,,,,,
,,,,,,,,,,,,,,,,,,,,,
,,,,,,,,,,,,,,,,,,,,,
,,,,,,,,,,,,,,,,,,,,,
,,,,,,,,,,,,,,,,,,,,,
,,,,,,,,,,,,,,,,,,,,,
,,,,,,,,,,,,,,,,,,,,,
,,,,,,,,,,,,,,,,,,,,,
,,,,,,,,,,,,,,,,,,,,,
,,,,,,,,,,,,,,,,,,,,,
,,,,,,,,,,,,,,,,,,,,,
,,,,,,,,,,,,,,,,,,,,,
,,,,,,,,,,,,,,,,,,,,,
,,,,,,,,,,,,,,,,,,,,,
,,,,,,,,,,,,,,,,,,,,,
,,,,,,,,,,,,,,,,,,,,,
,,,,,,,,,,,,,,,,,,,,,
,,,,,,,,,,,,,,,,,,,,,
,,,,,,,,,,,,,,,,,,,,,
,,,,,,,,,,,,,,,,,,,,,
,,,,,,,,,,,,,,,,,,,,,
,,,,,,,,,,,,,,,,,,,,,
,,,,,,,,,,,,,,,,,,,,,
,,,,,,,,,,,,,,,,,,,,,
,,,,,,,,,,,,,,,,,,,,,
,,,,,,,,,,,,,,,,,,,,,
,,,,,,,,,,,,,,,,,,,,,
,,,,,,,,,,,,,,,,,,,,,
,,,,,,,,,,,,,,,,,,,,,
,,,,,,,,,,,,,,,,,,,,,
,,,,,,,,,,,,,,,,,,,,,
,,,,,,,,,,,,,,,,,,,,,
,,,,,,,,,,,,,,,,,,,,,
,,,,,,,,,,,,,,,,,,,,,
,,,,,,,,,,,,,,,,,,,,,
,,,,,,,,,,,,,,,,,,,,,
,,,,,,,,,,,,,,,,,,,,,
,,,,,,,,,,,,,,,,,,,,,
,,,,,,,,,,,,,,,,,,,,,
,,,,,,,,,,,,,,,,,,,,,
,,,,,,,,,,,,,,,,,,,,,
,,,,,,,,,,,,,,,,,,,,,
,,,,,,,,,,,,,,,,,,,,,
,,,,,,,,,,,,,,,,,,,,,
,,,,,,,,,,,,,,,,,,,,,
,,,,,,,,,,,,,,,,,,,,,
,,,,,,,,,,,,,,,,,,,,,
,,,,,,,,,,,,,,,,,,,,,
,,,,,,,,,,,,,,,,,,,,,
,,,,,,,,,,,,,,,,,,,,,
,,,,,,,,,,,,,,,,,,,,,
,,,,,,,,,,,,,,,,,,,,,
,,,,,,,,,,,,,,,,,,,,,
,,,,,,,,,,,,,,,,,,,,,
,,,,,,,,,,,,,,,,,,,,,
,,,,,,,,,,,,,,,,,,,,,
,,,,,,,,,,,,,,,,,,,,,
,,,,,,,,,,,,,,,,,,,,,
,,,,,,,,,,,,,,,,,,,,,
,,,,,,,,,,,,,,,,,,,,,
,,,,,,,,,,,,,,,,,,,,,
,,,,,,,,,,,,,,,,,,,,,
,,,,,,,,,,,,,,,,,,,,,
,,,,,,,,,,,,,,,,,,,,,
,,,,,,,,,,,,,,,,,,,,,
,,,,,,,,,,,,,,,,,,,,,
,,,,,,,,,,,,,,,,,,,,,
,,,,,,,,,,,,,,,,,,,,,
,,,,,,,,,,,,,,,,,,,,,
,,,,,,,,,,,,,,,,,,,,,
,,,,,,,,,,,,,,,,,,,,,
,,,,,,,,,,,,,,,,,,,,,
,,,,,,,,,,,,,,,,,,,,,
,,,,,,,,,,,,,,,,,,,,,
,,,,,,,,,,,,,,,,,,,,,
,,,,,,,,,,,,,,,,,,,,,
,,,,,,,,,,,,,,,,,,,,,
,,,,,,,,,,,,,,,,,,,,,
,,,,,,,,,,,,,,,,,,,,,
,,,,,,,,,,,,,,,,,,,,,
,,,,,,,,,,,,,,,,,,,,,
,,,,,,,,,,,,,,,,,,,,,
,,,,,,,,,,,,,,,,,,,,,
,,,,,,,,,,,,,,,,,,,,,
,,,,,,,,,,,,,,,,,,,,,
,,,,,,,,,,,,,,,,,,,,,
,,,,,,,,,,,,,,,,,,,,,
,,,,,,,,,,,,,,,,,,,,,
,,,,,,,,,,,,,,,,,,,,,
,,,,,,,,,,,,,,,,,,,,,
,,,,,,,,,,,,,,,,,,,,,
,,,,,,,,,,,,,,,,,,,,,
,,,,,,,,,,,,,,,,,,,,,
,,,,,,,,,,,,,,,,,,,,,
,,,,,,,,,,,,,,,,,,,,,
,,,,,,,,,,,,,,,,,,,,,
,,,,,,,,,,,,,,,,,,,,,
,,,,,,,,,,,,,,,,,,,,,
,,,,,,,,,,,,,,,,,,,,,
,,,,,,,,,,,,,,,,,,,,,
,,,,,,,,,,,,,,,,,,,,,
,,,,,,,,,,,,,,,,,,,,,
,,,,,,,,,,,,,,,,,,,,,
,,,,,,,,,,,,,,,,,,,,,
,,,,,,,,,,,,,,,,,,,,,
,,,,,,,,,,,,,,,,,,,,,
,,,,,,,,,,,,,,,,,,,,,
,,,,,,,,,,,,,,,,,,,,,
,,,,,,,,,,,,,,,,,,,,,
,,,,,,,,,,,,,,,,,,,,,
,,,,,,,,,,,,,,,,,,,,,
,,,,,,,,,,,,,,,,,,,,,
,,,,,,,,,,,,,,,,,,,,,
,,,,,,,,,,,,,,,,,,,,,
,,,,,,,,,,,,,,,,,,,,,
,,,,,,,,,,,,,,,,,,,,,
,,,,,,,,,,,,,,,,,,,,,
,,,,,,,,,,,,,,,,,,,,,
,,,,,,,,,,,,,,,,,,,,,
,,,,,,,,,,,,,,,,,,,,,
,,,,,,,,,,,,,,,,,,,,,
,,,,,,,,,,,,,,,,,,,,,
,,,,,,,,,,,,,,,,,,,,,
,,,,,,,,,,,,,,,,,,,,,
,,,,,,,,,,,,,,,,,,,,,
,,,,,,,,,,,,,,,,,,,,,
,,,,,,,,,,,,,,,,,,,,,
,,,,,,,,,,,,,,,,,,,,,
,,,,,,,,,,,,,,,,,,,,,
,,,,,,,,,,,,,,,,,,,,,
,,,,,,,,,,,,,,,,,,,,,
,,,,,,,,,,,,,,,,,,,,,
,,,,,,,,,,,,,,,,,,,,,
,,,,,,,,,,,,,,,,,,,,,
,,,,,,,,,,,,,,,,,,,,,
,,,,,,,,,,,,,,,,,,,,,
,,,,,,,,,,,,,,,,,,,,,
,,,,,,,,,,,,,,,,,,,,,
,,,,,,,,,,,,,,,,,,,,,
,,,,,,,,,,,,,,,,,,,,,
,,,,,,,,,,,,,,,,,,,,,
,,,,,,,,,,,,,,,,,,,,,
,,,,,,,,,,,,,,,,,,,,,
,,,,,,,,,,,,,,,,,,,,,
,,,,,,,,,,,,,,,,,,,,,
,,,,,,,,,,,,,,,,,,,,,
,,,,,,,,,,,,,,,,,,,,,
,,,,,,,,,,,,,,,,,,,,,
,,,,,,,,,,,,,,,,,,,,,
,,,,,,,,,,,,,,,,,,,,,
,,,,,,,,,,,,,,,,,,,,,
,,,,,,,,,,,,,,,,,,,,,
,,,,,,,,,,,,,,,,,,,,,
,,,,,,,,,,,,,,,,,,,,,
,,,,,,,,,,,,,,,,,,,,,
,,,,,,,,,,,,,,,,,,,,,
,,,,,,,,,,,,,,,,,,,,,
,,,,,,,,,,,,,,,,,,,,,
,,,,,,,,,,,,,,,,,,,,,
,,,,,,,,,,,,,,,,,,,,,
,,,,,,,,,,,,,,,,,,,,,
,,,,,,,,,,,,,,,,,,,,,
,,,,,,,,,,,,,,,,,,,,,
,,,,,,,,,,,,,,,,,,,,,
,,,,,,,,,,,,,,,,,,,,,
,,,,,,,,,,,,,,,,,,,,,
,,,,,,,,,,,,,,,,,,,,,
,,,,,,,,,,,,,,,,,,,,,
,,,,,,,,,,,,,,,,,,,,,
,,,,,,,,,,,,,,,,,,,,,
,,,,,,,,,,,,,,,,,,,,,
,,,,,,,,,,,,,,,,,,,,,
,,,,,,,,,,,,,,,,,,,,,
,,,,,,,,,,,,,,,,,,,,,
,,,,,,,,,,,,,,,,,,,,,
,,,,,,,,,,,,,,,,,,,,,
,,,,,,,,,,,,,,,,,,,,,
,,,,,,,,,,,,,,,,,,,,,
,,,,,,,,,,,,,,,,,,,,,
,,,,,,,,,,,,,,,,,,,,,
,,,,,,,,,,,,,,,,,,,,,
,,,,,,,,,,,,,,,,,,,,,
,,,,,,,,,,,,,,,,,,,,,
,,,,,,,,,,,,,,,,,,,,,
,,,,,,,,,,,,,,,,,,,,,
,,,,,,,,,,,,,,,,,,,,,
,,,,,,,,,,,,,,,,,,,,,
,,,,,,,,,,,,,,,,,,,,,
,,,,,,,,,,,,,,,,,,,,,
,,,,,,,,,,,,,,,,,,,,,
,,,,,,,,,,,,,,,,,,,,,
,,,,,,,,,,,,,,,,,,,,,
,,,,,,,,,,,,,,,,,,,,,
,,,,,,,,,,,,,,,,,,,,,
,,,,,,,,,,,,,,,,,,,,,
,,,,,,,,,,,,,,,,,,,,,
,,,,,,,,,,,,,,,,,,,,,
,,,,,,,,,,,,,,,,,,,,,
,,,,,,,,,,,,,,,,,,,,,
,,,,,,,,,,,,,,,,,,,,,
,,,,,,,,,,,,,,,,,,,,,
,,,,,,,,,,,,,,,,,,,,,
,,,,,,,,,,,,,,,,,,,,,
,,,,,,,,,,,,,,,,,,,,,
,,,,,,,,,,,,,,,,,,,,,
,,,,,,,,,,,,,,,,,,,,,
,,,,,,,,,,,,,,,,,,,,,
,,,,,,,,,,,,,,,,,,,,,
,,,,,,,,,,,,,,,,,,,,,
,,,,,,,,,,,,,,,,,,,,,
,,,,,,,,,,,,,,,,,,,,,
,,,,,,,,,,,,,,,,,,,,,
,,,,,,,,,,,,,,,,,,,,,
,,,,,,,,,,,,,,,,,,,,,
,,,,,,,,,,,,,,,,,,,,,
,,,,,,,,,,,,,,,,,,,,,
,,,,,,,,,,,,,,,,,,,,,
,,,,,,,,,,,,,,,,,,,,,
,,,,,,,,,,,,,,,,,,,,,
,,,,,,,,,,,,,,,,,,,,,
,,,,,,,,,,,,,,,,,,,,,
,,,,,,,,,,,,,,,,,,,,,
,,,,,,,,,,,,,,,,,,,,,
,,,,,,,,,,,,,,,,,,,,,
,,,,,,,,,,,,,,,,,,,,,
,,,,,,,,,,,,,,,,,,,,,
,,,,,,,,,,,,,,,,,,,,,
,,,,,,,,,,,,,,,,,,,,,
,,,,,,,,,,,,,,,,,,,,,
,,,,,,,,,,,,,,,,,,,,,
,,,,,,,,,,,,,,,,,,,,,
,,,,,,,,,,,,,,,,,,,,,
,,,,,,,,,,,,,,,,,,,,,
,,,,,,,,,,,,,,,,,,,,,
,,,,,,,,,,,,,,,,,,,,,
,,,,,,,,,,,,,,,,,,,,,
,,,,,,,,,,,,,,,,,,,,,
,,,,,,,,,,,,,,,,,,,,,
,,,,,,,,,,,,,,,,,,,,,
,,,,,,,,,,,,,,,,,,,,,
,,,,,,,,,,,,,,,,,,,,,
,,,,,,,,,,,,,,,,,,,,,
,,,,,,,,,,,,,,,,,,,,,
,,,,,,,,,,,,,,,,,,,,,
,,,,,,,,,,,,,,,,,,,,,
,,,,,,,,,,,,,,,,,,,,,
,,,,,,,,,,,,,,,,,,,,,
,,,,,,,,,,,,,,,,,,,,,
,,,,,,,,,,,,,,,,,,,,,
,,,,,,,,,,,,,,,,,,,,,
,,,,,,,,,,,,,,,,,,,,,
,,,,,,,,,,,,,,,,,,,,,
,,,,,,,,,,,,,,,,,,,,,
,,,,,,,,,,,,,,,,,,,,,
,,,,,,,,,,,,,,,,,,,,,
,,,,,,,,,,,,,,,,,,,,,
,,,,,,,,,,,,,,,,,,,,,
,,,,,,,,,,,,,,,,,,,,,
,,,,,,,,,,,,,,,,,,,,,
,,,,,,,,,,,,,,,,,,,,,
,,,,,,,,,,,,,,,,,,,,,
,,,,,,,,,,,,,,,,,,,,,
,,,,,,,,,,,,,,,,,,,,,
,,,,,,,,,,,,,,,,,,,,,
,,,,,,,,,,,,,,,,,,,,,
,,,,,,,,,,,,,,,,,,,,,
,,,,,,,,,,,,,,,,,,,,,
,,,,,,,,,,,,,,,,,,,,,
,,,,,,,,,,,,,,,,,,,,,
,,,,,,,,,,,,,,,,,,,,,
,,,,,,,,,,,,,,,,,,,,,
,,,,,,,,,,,,,,,,,,,,,
,,,,,,,,,,,,,,,,,,,,,
,,,,,,,,,,,,,,,,,,,,,
,,,,,,,,,,,,,,,,,,,,,
,,,,,,,,,,,,,,,,,,,,,
,,,,,,,,,,,,,,,,,,,,,
,,,,,,,,,,,,,,,,,,,,,
,,,,,,,,,,,,,,,,,,,,,
,,,,,,,,,,,,,,,,,,,,,
,,,,,,,,,,,,,,,,,,,,,
,,,,,,,,,,,,,,,,,,,,,
,,,,,,,,,,,,,,,,,,,,,
,,,,,,,,,,,,,,,,,,,,,
,,,,,,,,,,,,,,,,,,,,,
,,,,,,,,,,,,,,,,,,,,,
,,,,,,,,,,,,,,,,,,,,,
,,,,,,,,,,,,,,,,,,,,,
,,,,,,,,,,,,,,,,,,,,,
,,,,,,,,,,,,,,,,,,,,,
,,,,,,,,,,,,,,,,,,,,,
,,,,,,,,,,,,,,,,,,,,,
,,,,,,,,,,,,,,,,,,,,,
,,,,,,,,,,,,,,,,,,,,,
,,,,,,,,,,,,,,,,,,,,,
,,,,,,,,,,,,,,,,,,,,,
,,,,,,,,,,,,,,,,,,,,,
,,,,,,,,,,,,,,,,,,,,,
,,,,,,,,,,,,,,,,,,,,,
,,,,,,,,,,,,,,,,,,,,,
,,,,,,,,,,,,,,,,,,,,,
,,,,,,,,,,,,,,,,,,,,,
,,,,,,,,,,,,,,,,,,,,,
,,,,,,,,,,,,,,,,,,,,,
,,,,,,,,,,,,,,,,,,,,,
,,,,,,,,,,,,,,,,,,,,,
,,,,,,,,,,,,,,,,,,,,,
,,,,,,,,,,,,,,,,,,,,,
,,,,,,,,,,,,,,,,,,,,,
,,,,,,,,,,,,,,,,,,,,,
,,,,,,,,,,,,,,,,,,,,,
,,,,,,,,,,,,,,,,,,,,,
,,,,,,,,,,,,,,,,,,,,,
,,,,,,,,,,,,,,,,,,,,,
,,,,,,,,,,,,,,,,,,,,,
,,,,,,,,,,,,,,,,,,,,,
,,,,,,,,,,,,,,,,,,,,,
,,,,,,,,,,,,,,,,,,,,,
,,,,,,,,,,,,,,,,,,,,,
,,,,,,,,,,,,,,,,,,,,,
,,,,,,,,,,,,,,,,,,,,,
,,,,,,,,,,,,,,,,,,,,,
,,,,,,,,,,,,,,,,,,,,,
,,,,,,,,,,,,,,,,,,,,,
,,,,,,,,,,,,,,,,,,,,,
,,,,,,,,,,,,,,,,,,,,,
,,,,,,,,,,,,,,,,,,,,,
,,,,,,,,,,,,,,,,,,,,,
,,,,,,,,,,,,,,,,,,,,,
,,,,,,,,,,,,,,,,,,,,,
,,,,,,,,,,,,,,,,,,,,,
,,,,,,,,,,,,,,,,,,,,,
,,,,,,,,,,,,,,,,,,,,,
,,,,,,,,,,,,,,,,,,,,,
,,,,,,,,,,,,,,,,,,,,,
,,,,,,,,,,,,,,,,,,,,,
,,,,,,,,,,,,,,,,,,,,,
,,,,,,,,,,,,,,,,,,,,,
,,,,,,,,,,,,,,,,,,,,,
,,,,,,,,,,,,,,,,,,,,,
,,,,,,,,,,,,,,,,,,,,,
,,,,,,,,,,,,,,,,,,,,,
,,,,,,,,,,,,,,,,,,,,,
,,,,,,,,,,,,,,,,,,,,,
,,,,,,,,,,,,,,,,,,,,,
,,,,,,,,,,,,,,,,,,,,,
,,,,,,,,,,,,,,,,,,,,,
,,,,,,,,,,,,,,,,,,,,,
,,,,,,,,,,,,,,,,,,,,,
,,,,,,,,,,,,,,,,,,,,,
,,,,,,,,,,,,,,,,,,,,,
,,,,,,,,,,,,,,,,,,,,,
,,,,,,,,,,,,,,,,,,,,,
,,,,,,,,,,,,,,,,,,,,,
,,,,,,,,,,,,,,,,,,,,,
,,,,,,,,,,,,,,,,,,,,,
,,,,,,,,,,,,,,,,,,,,,
,,,,,,,,,,,,,,,,,,,,,
,,,,,,,,,,,,,,,,,,,,,
,,,,,,,,,,,,,,,,,,,,,
,,,,,,,,,,,,,,,,,,,,,
,,,,,,,,,,,,,,,,,,,,,
,,,,,,,,,,,,,,,,,,,,,
,,,,,,,,,,,,,,,,,,,,,
,,,,,,,,,,,,,,,,,,,,,
,,,,,,,,,,,,,,,,,,,,,
,,,,,,,,,,,,,,,,,,,,,
,,,,,,,,,,,,,,,,,,,,,
,,,,,,,,,,,,,,,,,,,,,
,,,,,,,,,,,,,,,,,,,,,
,,,,,,,,,,,,,,,,,,,,,
,,,,,,,,,,,,,,,,,,,,,
,,,,,,,,,,,,,,,,,,,,,
,,,,,,,,,,,,,,,,,,,,,
,,,,,,,,,,,,,,,,,,,,,
,,,,,,,,,,,,,,,,,,,,,
,,,,,,,,,,,,,,,,,,,,,
,,,,,,,,,,,,,,,,,,,,,
,,,,,,,,,,,,,,,,,,,,,
,,,,,,,,,,,,,,,,,,,,,
,,,,,,,,,,,,,,,,,,,,,
,,,,,,,,,,,,,,,,,,,,,
,,,,,,,,,,,,,,,,,,,,,
,,,,,,,,,,,,,,,,,,,,,
,,,,,,,,,,,,,,,,,,,,,
,,,,,,,,,,,,,,,,,,,,,
,,,,,,,,,,,,,,,,,,,,,
,,,,,,,,,,,,,,,,,,,,,
,,,,,,,,,,,,,,,,,,,,,
,,,,,,,,,,,,,,,,,,,,,
,,,,,,,,,,,,,,,,,,,,,
,,,,,,,,,,,,,,,,,,,,,
,,,,,,,,,,,,,,,,,,,,,
,,,,,,,,,,,,,,,,,,,,,
,,,,,,,,,,,,,,,,,,,,,
,,,,,,,,,,,,,,,,,,,,,
,,,,,,,,,,,,,,,,,,,,,
,,,,,,,,,,,,,,,,,,,,,
,,,,,,,,,,,,,,,,,,,,,
,,,,,,,,,,,,,,,,,,,,,
,,,,,,,,,,,,,,,,,,,,,
,,,,,,,,,,,,,,,,,,,,,
,,,,,,,,,,,,,,,,,,,,,
,,,,,,,,,,,,,,,,,,,,,
,,,,,,,,,,,,,,,,,,,,,
,,,,,,,,,,,,,,,,,,,,,
,,,,,,,,,,,,,,,,,,,,,
,,,,,,,,,,,,,,,,,,,,,
,,,,,,,,,,,,,,,,,,,,,
,,,,,,,,,,,,,,,,,,,,,
,,,,,,,,,,,,,,,,,,,,,
,,,,,,,,,,,,,,,,,,,,,
,,,,,,,,,,,,,,,,,,,,,
,,,,,,,,,,,,,,,,,,,,,
,,,,,,,,,,,,,,,,,,,,,
,,,,,,,,,,,,,,,,,,,,,
,,,,,,,,,,,,,,,,,,,,,
,,,,,,,,,,,,,,,,,,,,,
,,,,,,,,,,,,,,,,,,,,,
,,,,,,,,,,,,,,,,,,,,,
,,,,,,,,,,,,,,,,,,,,,
,,,,,,,,,,,,,,,,,,,,,
,,,,,,,,,,,,,,,,,,,,,
,,,,,,,,,,,,,,,,,,,,,
,,,,,,,,,,,,,,,,,,,,,
,,,,,,,,,,,,,,,,,,,,,
,,,,,,,,,,,,,,,,,,,,,
,,,,,,,,,,,,,,,,,,,,,
,,,,,,,,,,,,,,,,,,,,,
,,,,,,,,,,,,,,,,,,,,,
,,,,,,,,,,,,,,,,,,,,,
,,,,,,,,,,,,,,,,,,,,,
,,,,,,,,,,,,,,,,,,,,,
,,,,,,,,,,,,,,,,,,,,,
,,,,,,,,,,,,,,,,,,,,,
,,,,,,,,,,,,,,,,,,,,,
,,,,,,,,,,,,,,,,,,,,,
,,,,,,,,,,,,,,,,,,,,,
,,,,,,,,,,,,,,,,,,,,,
,,,,,,,,,,,,,,,,,,,,,
,,,,,,,,,,,,,,,,,,,,,
